STT,ID,Role,Age,Ward(start),Des 1,Des 2,Des 3,impactOfAGV(pleasure),impactOfAGV(surprise),impactOfAGV(anger),impactOfAGV(fear),impactOfAGV(hate),impactOfAGV(sad),Personality,Velocity,Events,Events Time,Path Points,Walking time,Pleasure on time,Surprise on time,Anger on time,Fear on time,Hate on time,Sad on time
1,1,Patient,72.7,"A",W,F,M,-0.32023,-0.303235,0.0207151,-0.439047,-0.0303971,-0.588504,Neurotic,0.81,0.3 -0.2 0.2 -0.1 -0.3 -0.1 0.1 -0.1 -0.3 -0.1 0.1 -0.2 -0.4 0.3 0.1 -0.2 0.1 -0.3 0.7 -0.3 -0.4 0.4 -0.5 0.1 -0.2 0 0.1 0.1 -0.1 0 -0.1 -0.1 -0.6 -0.3 -0.5 -0.3 -0.2 0.2 -0.4 -0.4 -0.4 0.5 0.4 -0.4 -0.4 0.6 -0.1 0.1 -0.4 0 0.1 0.1 0.3 -0.2 -0.3 0 0.1 -0.4 0 0 -0.1 -0.5 0.1 0.1 0.2 -0.3 0.1 -0.1 -0.4 -0.4 0.4 0.3 0.5 0.2 0.1 0 0.4 -0.2 0.2 -0.1 -0.6 0.1 -0.1 0.2 0.1 0.4 0.5 0 0.2 0 -0.3 -0.3 0.4 -0.4 -0.5 0.1 0.3 -0.3 -0.1 -0.4 0.4 0 -0.3 -0.4 0.2 0 -0.2 -0.4 -0.1 0.3 -0.4 -0.3 0.2 -0.6 -0.1 0.1 -0.1 0.1 0.1 0.3 , 2588.2 1817.8 1317.1 2588.2 1317.1 2588.2 2051.1 1405.9 1461.6 1501.4 1461.6 1817.8 1120.7 1317.1 1461.6 1475.5 1120.7 2294.2 1461.6 1410 ,15.0288 9.1 69.0553 14 69.0179 30.1 66 30 60 15 8.91679 14 8.94168 30.1 12 30 18 15 50.906 14 51.0614 30.1 42 30 36 15 30 9 24 3 15.0464 2 , 500.8,0.75 0.75 0.75 0.75 0.75 0.75 0.75 0.75 0.75 0.75 0.863737 0.863737 0.863737 0.863737 0.863737 0.863737 0.479557 0.479557 0.479557 0.479557 ,0.5 0.5 0.5 0.5 0.5 0.5 0.5 0.5 0.5 0.5 0.409158 0.409158 0.409158 0.409158 0.409158 0.409158 0.716652 0.716652 0.716652 0.716652 ,-0.2 -0.2 -0.2 -0.2 -0.2 -0.2 -0.2 -0.2 -0.2 -0.2 -0.503663 -0.503663 -0.503663 -0.503663 -0.503663 -0.503663 -0.412888 -0.412888 -0.412888 -0.412888 ,-0.2 -0.2 -0.2 -0.2 -0.2 -0.2 -0.2 -0.2 -0.2 -0.2 -0.303663 -0.303663 -0.303663 -0.303663 -0.303663 -0.303663 -0.509225 -0.509225 -0.509225 -0.509225 ,-0.4 -0.4 -0.4 -0.4 -0.4 -0.4 -0.4 -0.4 -0.4 -0.4 -0.307326 -0.307326 -0.307326 -0.307326 -0.307326 -0.307326 -0.212955 -0.212955 -0.212955 -0.212955 ,-0.4 -0.4 -0.4 -0.4 -0.4 -0.4 -0.4 -0.4 -0.4 -0.4 -0.607326 -0.607326 -0.607326 -0.607326 -0.607326 -0.607326 -0.91845 -0.91845 -0.91845 -0.91845 ,
2,2,Patient,57.6,"A",W,F,M,0.460153,0.0695473,0.101369,0.619815,-0.146908,-0.0897173,Neurotic,0.81,-0.3 -0.4 0.2 0 -0.2 -0.4 -0.1 0.3 -0.4 -0.3 0.2 -0.6 0 0 0.4 0.2 0.1 0.5 0.1 -0.4 -0.2 0.5 0.2 0.4 -0.9 0.3 0 0.3 0 -0.3 0.3 -0.3 -0.1 -0.4 0.4 0 -0.4 0.3 0.1 -0.2 0.1 -0.3 -0.2 0 0.1 0.1 -0.1 0 0.3 -0.2 0.2 -0.1 -0.3 -0.1 0.2 0.1 -0.2 0.2 -0.6 0.1 0.3 -0.2 0.2 -0.1 -0.3 -0.1 0.9 0.6 -0.1 0 0.1 0.3 -0.5 0.1 0.2 -0.1 0.6 -0.5 0.3 -0.7 -0.2 0.6 -0.1 0.3 0.5 0.2 0.1 0 0.4 -0.2 -0.3 0 0.1 -0.4 0 0 0.2 -0.2 0.1 0.6 0.1 0.6 -0.1 0.3 -0.4 -0.3 0.2 -0.6 -0.1 0.1 -0.1 0.1 0.1 0.3 0.2 0.1 -0.2 0.2 -0.6 0.1 , 1207 2300.1 2143.4 694.1 2510.5 1517.3 1207 1775.6 2510.5 1767.1 2275.7 2396 1767.1 2510.5 2275.7 2510.5 694.1 1767.1 2047.9 1395 ,14.994 9.1 68.9815 14 69.0347 30.1 66 30 60 15 8.99508 14 8.93119 30.1 12 30 18 15 51.084 14 51.0683 30.1 42 30 36 15 30 9 24 3 14.9897 2 , 500.3,0.75 0.75 0.75 0.75 0.75 0.75 0.75 0.663737 0.663737 0.663737 0.663737 0.663737 0.663737 0.663737 0.675893 0.675893 0.675893 0.675893 0.675893 0.675893 ,0.5 0.5 0.5 0.5 0.5 0.5 0.5 0.809158 0.809158 0.809158 0.809158 0.809158 0.809158 0.809158 0.823978 0.823978 0.823978 0.823978 0.823978 0.823978 ,-0.2 -0.2 -0.2 -0.2 -0.2 -0.2 -0.2 -0.603663 -0.603663 -0.603663 -0.603663 -0.603663 -0.603663 -0.603663 -0.21472 -0.21472 -0.21472 -0.21472 -0.21472 -0.21472 ,-0.2 -0.2 -0.2 -0.2 -0.2 -0.2 -0.2 -0.503663 -0.503663 -0.503663 -0.503663 -0.503663 -0.503663 -0.503663 -0.312888 -0.312888 -0.312888 -0.312888 -0.312888 -0.312888 ,-0.4 -0.4 -0.4 -0.4 -0.4 -0.4 -0.4 -0.207326 -0.207326 -0.207326 -0.207326 -0.207326 -0.207326 -0.207326 -0.111124 -0.111124 -0.111124 -0.111124 -0.111124 -0.111124 ,-0.4 -0.4 -0.4 -0.4 -0.4 -0.4 -0.4 -1.00733 -1.00733 -1.00733 -1.00733 -1.00733 -1.00733 -1.00733 -0.525776 -0.525776 -0.525776 -0.525776 -0.525776 -0.525776 ,
3,3,Patient,45.2,"A",W,F,E,-0.570253,0.083545,0.508488,0.37124,-0.135566,0.19383,Neurotic,0.69,0.5 -0.3 -0.4 -0.4 -0.1 -0.2 -0.1 -0.1 -0.6 -0.3 -0.5 -0.3 0.3 -0.3 0.3 0.2 -0.3 -0.3 0.3 -0.3 0.3 0.2 -0.3 -0.3 0.3 -0.7 -0.2 0.6 -0.1 0.3 0.3 -0.2 0.2 -0.1 -0.3 -0.1 0.4 0.5 -0.1 0.5 0.1 -0.4 0.1 0.4 0.5 0 0.2 0 -0.7 0.2 0.2 0.3 0 -0.2 -0.3 0.3 -0.1 0.6 -0.4 0.1 0.8 0.7 0.4 0.7 -0.3 0.4 -0.2 0.2 -0.4 -0.4 -0.4 0.5 0.5 0.1 0 0.1 0.2 -0.1 -0.1 0.3 -0.4 -0.3 0.2 -0.6 -0.3 -0.4 0.2 0 -0.2 -0.4 0.1 -0.1 -0.3 -0.1 0.1 -0.2 0.3 0.1 -0.1 0 0.3 -0.2 -0.3 0.3 -0.1 0.6 -0.4 0.1 -0.4 -0.4 0.3 -0.1 0.1 -0.2 0.2 -0.1 -0.6 0.1 -0.1 0.2 , 1862.4 1958.6 1479.8 1958.6 1483.3 1479.8 989.4 1953.9 1434.4 1958.6 2469.2 1408.4 1815.9 1408.4 985.2 1840.9 1862.4 1840.9 1840.9 1958.6 ,14.9582 9.1 69.0773 14 68.9518 30.1 66 30 60 15 8.97246 14 8.92384 30.1 12 30 18 15 26.9535 14 27.0439 30.1 18 30 18 15 24 9 24 3 15.0602 2 , 499.8,0.75 0.75 0.75 0.75 0.75 0.75 0.75 0.75 0.75 0.663737 0.663737 0.663737 0.663737 0.663737 0.663737 0.663737 0.663737 0.663737 0.663737 0.975893 ,0.5 0.5 0.5 0.5 0.5 0.5 0.5 0.5 0.5 0.409158 0.409158 0.409158 0.409158 0.409158 0.409158 0.409158 0.409158 0.409158 0.409158 0.116652 ,-0.2 -0.2 -0.2 -0.2 -0.2 -0.2 -0.2 -0.2 -0.2 -0.803663 -0.803663 -0.803663 -0.803663 -0.803663 -0.803663 -0.803663 -0.803663 -0.803663 -0.803663 -0.518383 ,-0.2 -0.2 -0.2 -0.2 -0.2 -0.2 -0.2 -0.2 -0.2 -0.503663 -0.503663 -0.503663 -0.503663 -0.503663 -0.503663 -0.503663 -0.503663 -0.503663 -0.503663 -0.312888 ,-0.4 -0.4 -0.4 -0.4 -0.4 -0.4 -0.4 -0.4 -0.4 -0.907326 -0.907326 -0.907326 -0.907326 -0.907326 -0.907326 -0.907326 -0.907326 -0.907326 -0.907326 -1.22394 ,-0.4 -0.4 -0.4 -0.4 -0.4 -0.4 -0.4 -0.4 -0.4 -0.707326 -0.707326 -0.707326 -0.707326 -0.707326 -0.707326 -0.707326 -0.707326 -0.707326 -0.707326 -1.02028 ,
4,4,Personel,33.0,"A",W,F,K,0.537334,0.0508465,0.313841,0.476474,0.603748,0.528492,Neurotic,1.24,-0.1 -0.1 -0.6 -0.3 -0.5 -0.3 -0.7 0.2 0.2 0.3 0 -0.2 0.5 -0.3 -0.4 -0.4 -0.1 -0.2 -0.5 0.2 0.5 -0.1 0 0.2 0.3 -0.2 0.2 -0.1 -0.3 -0.1 0.2 -0.1 -0.6 0.1 -0.1 0.2 -0.3 -0.2 -0.4 0.5 0.2 -0.1 -0.4 0.3 0.1 -0.2 0.1 -0.3 0.5 0.2 0.1 0 0.4 -0.2 -0.1 0.3 -0.4 -0.3 0.2 -0.6 0.1 -0.1 -0.4 -0.4 0.4 0.3 0.1 0.4 0.5 0 0.2 0 -0.2 0.2 -0.4 -0.4 -0.4 0.5 0.8 0.7 0.4 0.7 -0.3 0.4 0.1 -0.1 -0.4 -0.4 0.4 0.3 0.2 0.1 -0.2 0.2 -0.6 0.1 0.5 -0.3 -0.4 -0.4 -0.1 -0.2 0.7 -0.3 -0.4 0.4 -0.5 0.1 -0.3 0.3 -0.1 0.6 -0.4 0.1 -0.3 0 0.1 -0.4 0 0 , 1682.9 1434.7 1682.9 1682.9 1406.1 2727.5 2727.5 2996 954.9 2313.4 2070.5 954.9 2070.5 1682.9 2581 1518.3 1910.6 2648.3 1303.2 1518.3 ,14.9197 9.1 69.0028 14 68.968 30.1 66 30 60 15 9.01806 14 9.0375 30.1 38.9362 35 39.0703 42.1 30 42 30 36 36 30 36 15 30 9 24 3 14.9081 2 , 500.6,0.75 0.75 0.75 0.75 0.75 0.75 0.75 0.75 0.75 0.0637367 0.0637367 0.0637367 0.0637367 0.0637367 0.0637367 0.0637367 0.564904 0.564904 0.564904 0.564904 ,0.5 0.5 0.5 0.5 0.5 0.5 0.5 0.5 0.5 0.709158 0.709158 0.709158 0.709158 0.709158 0.709158 0.709158 0.422146 0.422146 0.422146 0.422146 ,-0.2 -0.2 -0.2 -0.2 -0.2 -0.2 -0.2 -0.2 -0.2 -0.00366313 -0.00366313 -0.00366313 -0.00366313 -0.00366313 -0.00366313 -0.00366313 -0.40373 -0.40373 -0.40373 -0.40373 ,-0.2 -0.2 -0.2 -0.2 -0.2 -0.2 -0.2 -0.2 -0.2 0.0963369 0.0963369 0.0963369 0.0963369 0.0963369 0.0963369 0.0963369 -0.301899 -0.301899 -0.301899 -0.301899 ,-0.4 -0.4 -0.4 -0.4 -0.4 -0.4 -0.4 -0.4 -0.4 -0.407326 -0.407326 -0.407326 -0.407326 -0.407326 -0.407326 -0.407326 -0.514787 -0.514787 -0.514787 -0.514787 ,-0.4 -0.4 -0.4 -0.4 -0.4 -0.4 -0.4 -0.4 -0.4 -0.607326 -0.607326 -0.607326 -0.607326 -0.607326 -0.607326 -0.607326 -0.81845 -0.81845 -0.81845 -0.81845 ,
5,5,Patient,69.7,"A",W,F,M,-0.150869,-0.594049,-0.0961625,-0.441578,-0.105128,-0.498735,Neurotic,0.69,-0.3 -0.5 0 -0.5 -0.2 0 0.3 -0.3 -0.1 -0.4 0.4 0 -0.3 -0.3 0.4 -0.4 -0.5 0.1 0.3 -0.3 -0.1 -0.4 0.4 0 0.1 -0.1 -0.3 -0.1 0.1 -0.2 -0.4 0.3 0.1 -0.2 0.1 -0.3 -0.5 0.1 0.2 -0.1 0.6 -0.5 0.2 0.1 -0.2 0.2 -0.6 0.1 -0.1 0.1 -0.1 0.1 0.1 0.3 -0.5 0.2 0.5 -0.1 0 0.2 -0.4 0.3 0.1 -0.2 0.1 -0.3 0.5 0.1 0 0.1 0.2 -0.1 -0.3 -0.4 0.2 0 -0.2 -0.4 0.4 0.5 -0.1 0.5 0.1 -0.4 -0.4 0 0.1 0.1 0.3 -0.2 0.5 0.1 0 0.1 0.2 -0.1 -0.2 0.2 -0.4 -0.4 -0.4 0.5 0.3 -0.7 -0.2 0.6 -0.1 0.3 -0.1 -0.1 -0.6 -0.3 -0.5 -0.3 -0.2 0 0.1 0.1 -0.1 0 , 1452 1360 2884.3 1081.6 1914.3 1081.6 2408.9 2408.9 1144.8 1914.6 2454.9 2408.9 1148.2 1144.8 1211.5 3126.8 1613.3 1925.6 1081.6 1148.2 ,15.0479 9.1 68.9727 14 68.9796 30.1 66 30 60 15 9.09408 14 9.06405 30.1 12 30 18 15 50.9295 14 51.0539 30.1 42 30 36 15 30 9 24 3 14.9796 2 , 500.3,0.75 0.75 0.75 0.75 0.75 0.75 0.75 0.75 1.06374 1.06374 1.06374 1.06374 1.06374 1.06374 0.78322 0.78322 0.78322 0.78322 0.78322 0.78322 ,0.5 0.5 0.5 0.5 0.5 0.5 0.5 0.5 0.209158 0.209158 0.209158 0.209158 0.209158 0.209158 -0.0870113 -0.0870113 -0.0870113 -0.0870113 -0.0870113 -0.0870113 ,-0.2 -0.2 -0.2 -0.2 -0.2 -0.2 -0.2 -0.2 -0.303663 -0.303663 -0.303663 -0.303663 -0.303663 -0.303663 0.0907751 0.0907751 0.0907751 0.0907751 0.0907751 0.0907751 ,-0.2 -0.2 -0.2 -0.2 -0.2 -0.2 -0.2 -0.2 -0.603663 -0.603663 -0.603663 -0.603663 -0.603663 -0.603663 -1.01472 -1.01472 -1.01472 -1.01472 -1.01472 -1.01472 ,-0.4 -0.4 -0.4 -0.4 -0.4 -0.4 -0.4 -0.4 -0.00732626 -0.00732626 -0.00732626 -0.00732626 -0.00732626 -0.00732626 -0.50746 -0.50746 -0.50746 -0.50746 -0.50746 -0.50746 ,-0.4 -0.4 -0.4 -0.4 -0.4 -0.4 -0.4 -0.4 -0.407326 -0.407326 -0.407326 -0.407326 -0.407326 -0.407326 -0.314787 -0.314787 -0.314787 -0.314787 -0.314787 -0.314787 ,
6,6,Patient,47.8,"A",W,F,E,0.278996,0.0695677,0.309381,0.0246196,-0.148792,0.522598,Neurotic,0.81,0.5 -0.3 -0.4 -0.4 -0.1 -0.2 -0.1 0.3 -0.4 -0.3 0.2 -0.6 -0.1 -0.5 0.1 0.1 0.2 -0.3 -0.3 -0.5 0 -0.5 -0.2 0 0.3 -0.2 0.4 -0.4 0.1 -0.5 0.2 0.1 -0.2 0.2 -0.6 0.1 0.3 -0.2 -0.4 -0.5 -0.7 0.2 -0.9 0.3 0 0.3 0 -0.3 -0.6 -0.2 0.9 -0.8 0.4 0.2 -0.3 -0.3 0.4 -0.4 -0.5 0.1 -0.4 0.3 0.1 -0.2 0.1 -0.3 0.2 -0.1 -0.6 0.1 -0.1 0.2 0.9 0.6 -0.1 0 0.1 0.3 0.5 0.1 0 0.1 0.2 -0.1 0.2 -0.2 0.1 0.6 0.1 0.6 -0.7 0.2 0.2 0.3 0 -0.2 0.2 -0.2 0.1 0.6 0.1 0.6 -0.6 -0.2 0.9 -0.8 0.4 0.2 -0.1 0.2 0.4 0.3 0.2 -0.2 -0.1 -0.1 -0.6 -0.3 -0.5 -0.3 , 1786 2156 1960.3 1779.2 2134.1 1576.4 2092 1786 2290.2 1884.6 2092 1884.6 1576.4 2546 1890.7 452.8 1960.3 1890.7 1599.4 452.8 ,15.0442 9.1 68.9698 14 69.0047 30.1 66 30 60 15 8.9247 14 8.92685 30.1 12 30 18 15 27.0805 14 27.0369 30.1 18 30 18 15 24 9 24 3 14.9131 2 , 499.7,0.75 0.75 0.75 0.75 0.75 0.75 0.75 0.75 0.75 0.75 0.663737 0.663737 0.663737 0.663737 0.663737 0.663737 0.663737 0.575893 0.575893 0.575893 ,0.5 0.5 0.5 0.5 0.5 0.5 0.5 0.5 0.5 0.5 0.809158 0.809158 0.809158 0.809158 0.809158 0.809158 0.809158 0.323978 0.323978 0.323978 ,-0.2 -0.2 -0.2 -0.2 -0.2 -0.2 -0.2 -0.2 -0.2 -0.2 -0.603663 -0.603663 -0.603663 -0.603663 -0.603663 -0.603663 -0.603663 -0.51472 -0.51472 -0.51472 ,-0.2 -0.2 -0.2 -0.2 -0.2 -0.2 -0.2 -0.2 -0.2 -0.2 -0.503663 -0.503663 -0.503663 -0.503663 -0.503663 -0.503663 -0.503663 -0.412888 -0.412888 -0.412888 ,-0.4 -0.4 -0.4 -0.4 -0.4 -0.4 -0.4 -0.4 -0.4 -0.4 -0.207326 -0.207326 -0.207326 -0.207326 -0.207326 -0.207326 -0.207326 -0.0111236 -0.0111236 -0.0111236 ,-0.4 -0.4 -0.4 -0.4 -0.4 -0.4 -0.4 -0.4 -0.4 -0.4 -1.00733 -1.00733 -1.00733 -1.00733 -1.00733 -1.00733 -1.00733 -1.32578 -1.32578 -1.32578 ,
7,7,Personel,35.7,"A",W,F,K,0.702483,0.320929,0.243137,0.719638,0.518663,0.834684,Neurotic,1.24,0.2 -0.2 0.1 0.6 0.1 0.6 0.5 -0.3 -0.4 -0.4 -0.1 -0.2 0.1 1 0.4 -0.2 0.1 -0.4 -0.5 0.1 0.2 -0.1 0.6 -0.5 0.3 -0.3 0.3 0.2 -0.3 -0.3 -0.5 0.2 0.5 -0.1 0 0.2 0.5 0.1 0 0.1 0.2 -0.1 0.1 -0.1 -0.3 -0.1 0.1 -0.2 -0.4 0.3 0.1 -0.2 0.1 -0.3 -0.4 0 0.1 0.1 0.3 -0.2 -0.5 0.1 0.2 -0.1 0.6 -0.5 -0.4 -0.1 0.1 -0.1 0.2 0.3 0.2 0.1 -0.2 0.2 -0.6 0.1 -0.3 -0.4 0.2 0 -0.2 -0.4 -0.4 0 0.1 0.1 0.3 -0.2 -0.4 0.3 0.1 -0.2 0.1 -0.3 0.7 -0.3 -0.4 0.4 -0.5 0.1 -0.3 -0.4 0.2 0 -0.2 -0.4 -0.2 0 0.1 0.1 -0.1 0 -0.5 0.2 0.5 -0.1 0 0.2 , 2051.2 1223.3 1223.3 2405 1523.9 1329.7 1013.4 2088.1 1237.1 1263.1 1237.1 2147.9 1223.3 2088.1 1337.9 1237.1 2915.7 2147.9 2405 1329.7 ,14.9556 9.1 68.9198 14 68.9491 30.1 66 30 60 15 9.07294 14 9.058 30.1 39.0348 35 39.0827 42.1 30 42 30 36 36 30 36 15 30 9 24 3 14.9469 2 , 502.3,0.75 0.75 0.75 0.75 0.75 0.75 0.75 0.75 1.26374 1.26374 1.26374 1.26374 1.38688 1.38688 1.38688 1.38688 1.38688 1.38688 1.38688 1.38688 ,0.5 0.5 0.5 0.5 0.5 0.5 0.5 0.5 0.209158 0.209158 0.209158 0.209158 1.21299 1.21299 1.21299 1.21299 1.21299 1.21299 1.21299 1.21299 ,-0.2 -0.2 -0.2 -0.2 -0.2 -0.2 -0.2 -0.2 -0.603663 -0.603663 -0.603663 -0.603663 -0.21472 -0.21472 -0.21472 -0.21472 -0.21472 -0.21472 -0.21472 -0.21472 ,-0.2 -0.2 -0.2 -0.2 -0.2 -0.2 -0.2 -0.2 -0.603663 -0.603663 -0.603663 -0.603663 -0.81472 -0.81472 -0.81472 -0.81472 -0.81472 -0.81472 -0.81472 -0.81472 ,-0.4 -0.4 -0.4 -0.4 -0.4 -0.4 -0.4 -0.4 -0.507326 -0.507326 -0.507326 -0.507326 -0.416618 -0.416618 -0.416618 -0.416618 -0.416618 -0.416618 -0.416618 -0.416618 ,-0.4 -0.4 -0.4 -0.4 -0.4 -0.4 -0.4 -0.4 -0.607326 -0.607326 -0.607326 -0.607326 -1.01845 -1.01845 -1.01845 -1.01845 -1.01845 -1.01845 -1.01845 -1.01845 ,
8,8,Patient,83.7,"A",W,F,M,-0.244944,-0.321327,-0.385724,-0.399015,-0.326683,-0.271173,Neurotic,0.69,-0.1 0 0.3 -0.4 -0.2 0.2 0.9 0.6 -0.1 0 0.1 0.3 0.5 0.2 0.1 0 0.4 -0.2 -0.4 0.3 0.1 -0.2 0.1 -0.3 0.9 0.6 -0.1 0 0.1 0.3 0.3 -0.3 0.3 0.2 -0.3 -0.3 0.4 0.5 -0.1 0.5 0.1 -0.4 0 -0.4 -0.3 0.8 0 0 -0.4 -0.1 0.1 -0.1 0.2 0.3 -0.2 0 0.1 0.1 -0.1 0 -0.6 -0.2 0.9 -0.8 0.4 0.2 0.2 0.1 -0.2 0.2 -0.6 0.1 -0.2 0.2 -0.4 -0.4 -0.4 0.5 -0.2 0 0.1 0.1 -0.1 0 0.8 0.7 0.4 0.7 -0.3 0.4 -0.3 -0.4 0.2 0 -0.2 -0.4 -0.2 0 0.1 0.1 -0.1 0 0.4 -0.4 -0.4 0.6 -0.1 0.1 -0.5 0.1 0.2 -0.1 0.6 -0.5 -0.2 0.2 -0.4 -0.4 -0.4 0.5 , 2175.2 397.7 497.6 1076 2390 2309 1853.5 2175.2 2175.2 2175.2 2309 1383 2390 1707.6 2083 1076 1813.5 1190.3 1534.8 497.6 ,15.0709 9.1 69.0498 14 68.9737 30.1 66 30 60 15 8.94846 14 8.96729 30.1 12 30 18 15 50.9407 14 50.9054 30.1 42 30 36 15 30 9 24 3 14.922 2 , 499.3,0.75 0.75 0.75 0.75 0.75 0.75 0.75 0.75 0.75 1.66374 1.66374 1.66374 1.66374 2.19421 2.19421 2.19421 2.19421 2.19421 2.19421 2.19421 ,0.5 0.5 0.5 0.5 0.5 0.5 0.5 0.5 0.5 1.10916 1.10916 1.10916 1.10916 1.32947 1.32947 1.32947 1.32947 1.32947 1.32947 1.32947 ,-0.2 -0.2 -0.2 -0.2 -0.2 -0.2 -0.2 -0.2 -0.2 -0.303663 -0.303663 -0.303663 -0.303663 -0.209225 -0.209225 -0.209225 -0.209225 -0.209225 -0.209225 -0.209225 ,-0.2 -0.2 -0.2 -0.2 -0.2 -0.2 -0.2 -0.2 -0.2 -0.203663 -0.203663 -0.203663 -0.203663 -0.207393 -0.207393 -0.207393 -0.207393 -0.207393 -0.207393 -0.207393 ,-0.4 -0.4 -0.4 -0.4 -0.4 -0.4 -0.4 -0.4 -0.4 -0.307326 -0.307326 -0.307326 -0.307326 0.0870449 0.0870449 0.0870449 0.0870449 0.0870449 0.0870449 0.0870449 ,-0.4 -0.4 -0.4 -0.4 -0.4 -0.4 -0.4 -0.4 -0.4 -0.107326 -0.107326 -0.107326 -0.107326 -0.309292 -0.309292 -0.309292 -0.309292 -0.309292 -0.309292 -0.309292 ,
9,9,Patient,63.5,"A",W,F,E,-0.381099,-0.268105,-0.270794,-0.354232,-0.457332,-0.460984,Neurotic,0.94,-0.5 0.1 0.2 -0.1 0.6 -0.5 0.4 -0.4 -0.4 0.6 -0.1 0.1 -0.3 0.3 -0.1 0.6 -0.4 0.1 -0.3 -0.2 -0.4 0.5 0.2 -0.1 -0.3 -0.5 0 -0.5 -0.2 0 -0.4 0.3 0.1 -0.2 0.1 -0.3 -0.5 0.1 0.2 -0.1 0.6 -0.5 -0.7 0.2 0.2 0.3 0 -0.2 0.3 0.1 -0.1 0 0.3 -0.2 0.3 -0.2 -0.4 -0.5 -0.7 0.2 -0.3 -0.2 -0.4 0.5 0.2 -0.1 -0.4 0 0.1 0.1 0.3 -0.2 -0.1 0.4 -0.4 0.9 0.3 0.4 -0.3 -0.5 0 -0.5 -0.2 0 0.3 -0.7 -0.2 0.6 -0.1 0.3 0.3 -0.7 -0.2 0.6 -0.1 0.3 -0.1 0.3 -0.4 -0.3 0.2 -0.6 0.1 -0.1 -0.3 -0.1 0.1 -0.2 -0.3 0 0.1 -0.4 0 0 -0.2 0 0.1 0.1 -0.1 0 , 1072.7 1858.9 2084.5 2035 792.8 2564 2125.6 1669.9 2564 792.8 2528.7 1836.9 2528.7 1702.4 1072.7 2125.6 2119.4 2724.8 2790.3 1072.7 ,14.9157 9.1 69.0956 14 68.9701 30.1 66 30 60 15 8.92394 14 9.0806 30.1 12 30 18 15 27.0809 14 26.942 30.1 18 30 18 15 24 9 24 3 14.9984 2 , 501.8,0.75 0.75 0.75 0.75 0.75 0.75 0.75 0.75 0.75 0.75 1.16374 1.16374 1.16374 1.16374 1.16374 0.885051 0.885051 0.885051 0.885051 0.885051 ,0.5 0.5 0.5 0.5 0.5 0.5 0.5 0.5 0.5 0.5 0.109158 0.109158 0.109158 0.109158 0.109158 0.411157 0.411157 0.411157 0.411157 0.411157 ,-0.2 -0.2 -0.2 -0.2 -0.2 -0.2 -0.2 -0.2 -0.2 -0.2 -0.603663 -0.603663 -0.603663 -0.603663 -0.603663 -0.71472 -0.71472 -0.71472 -0.71472 -0.71472 ,-0.2 -0.2 -0.2 -0.2 -0.2 -0.2 -0.2 -0.2 -0.2 -0.2 0.396337 0.396337 0.396337 0.396337 0.396337 1.0036 1.0036 1.0036 1.0036 1.0036 ,-0.4 -0.4 -0.4 -0.4 -0.4 -0.4 -0.4 -0.4 -0.4 -0.4 -0.507326 -0.507326 -0.507326 -0.507326 -0.507326 -0.916618 -0.916618 -0.916618 -0.916618 -0.916618 ,-0.4 -0.4 -0.4 -0.4 -0.4 -0.4 -0.4 -0.4 -0.4 -0.4 -0.307326 -0.307326 -0.307326 -0.307326 -0.307326 -0.212955 -0.212955 -0.212955 -0.212955 -0.212955 ,
10,10,Patient,47.7,"A",W,F,K,0.256214,0.0707012,0.102209,0.188871,0.29222,0.0348682,Neurotic,0.69,0.4 -0.4 -0.4 0.6 -0.1 0.1 0.1 0.4 0.5 0 0.2 0 0.2 -0.1 -0.6 0.1 -0.1 0.2 -0.1 0 0.3 -0.4 -0.2 0.2 -0.5 0.2 0.5 -0.1 0 0.2 -0.4 -0.4 0.3 -0.1 0.1 -0.2 -0.3 0 0.1 -0.4 0 0 0.1 0.4 0.5 0 0.2 0 0.5 -0.3 -0.4 -0.4 -0.1 -0.2 0.8 0.7 0.4 0.7 -0.3 0.4 -0.3 -0.4 0.2 0 -0.2 -0.4 -0.3 0.3 -0.1 0.6 -0.4 0.1 -0.3 -0.5 0 -0.5 -0.2 0 0.4 0.5 -0.1 0.5 0.1 -0.4 -0.4 -0.4 0.3 -0.1 0.1 -0.2 -0.2 0.2 -0.4 -0.4 -0.4 0.5 0.5 -0.3 -0.4 -0.4 -0.1 -0.2 -0.2 0.2 -0.4 -0.4 -0.4 0.5 -0.1 0 0.3 -0.4 -0.2 0.2 -0.7 0.2 0.2 0.3 0 -0.2 , 1191.4 84.3 724.9 2455.9 1966.4 2808.8 1719.1 2455.9 1148.7 1168.9 1594.3 2455.9 2329 1826.6 1826.6 84.3 1826.6 2107.4 1764.3 1764.3 ,15.0585 9.1 68.9425 14 69.0559 30.1 66 30 60 15 9.06354 14 8.99307 30.1 39.0863 35 39.0671 42.1 30 42 30 36 36 30 36 15 30 9 24 3 15.0646 2 , 500.2,0.75 0.75 0.75 0.75 0.75 0.863737 0.863737 0.863737 0.863737 0.863737 0.863737 0.863737 0.863737 0.863737 0.863737 1.07956 1.07956 1.07956 1.07956 1.07956 ,0.5 0.5 0.5 0.5 0.5 0.909158 0.909158 0.909158 0.909158 0.909158 0.909158 0.909158 0.909158 0.909158 0.909158 0.82581 0.82581 0.82581 0.82581 0.82581 ,-0.2 -0.2 -0.2 -0.2 -0.2 0.296337 0.296337 0.296337 0.296337 0.296337 0.296337 0.296337 0.296337 0.296337 0.296337 -0.298236 -0.298236 -0.298236 -0.298236 -0.298236 ,-0.2 -0.2 -0.2 -0.2 -0.2 -0.203663 -0.203663 -0.203663 -0.203663 -0.203663 -0.203663 -0.203663 -0.203663 -0.203663 -0.203663 -0.107393 -0.107393 -0.107393 -0.107393 -0.107393 ,-0.4 -0.4 -0.4 -0.4 -0.4 -0.207326 -0.207326 -0.207326 -0.207326 -0.207326 -0.207326 -0.207326 -0.207326 -0.207326 -0.207326 -0.311124 -0.311124 -0.311124 -0.311124 -0.311124 ,-0.4 -0.4 -0.4 -0.4 -0.4 -0.407326 -0.407326 -0.407326 -0.407326 -0.407326 -0.407326 -0.407326 -0.407326 -0.407326 -0.407326 -0.214787 -0.214787 -0.214787 -0.214787 -0.214787 ,
11,11,Visitor,66.1,"A",W,N/A,N/A,-0.537004,-0.433732,-0.159131,-0.279575,-0.251094,-0.375657,Neurotic,2.48,-0.3 -0.2 -0.4 0.5 0.2 -0.1 -0.5 0.1 0.2 -0.1 0.6 -0.5 -0.3 -0.5 0 -0.5 -0.2 0 -0.6 -0.2 0.9 -0.8 0.4 0.2 -0.1 0.4 -0.4 0.9 0.3 0.4 0.2 -0.1 -0.6 0.1 -0.1 0.2 0.1 -0.4 -0.2 0.5 0.2 0.4 -0.7 0.2 0.2 0.3 0 -0.2 -0.1 0.4 -0.4 0.9 0.3 0.4 0.4 -0.4 -0.4 0.6 -0.1 0.1 0.2 -0.2 0.1 0.6 0.1 0.6 -0.3 0.3 -0.1 0.6 -0.4 0.1 0.7 -0.3 -0.4 0.4 -0.5 0.1 -0.1 0 0.3 -0.4 -0.2 0.2 0.7 -0.3 -0.4 0.4 -0.5 0.1 -0.2 0 0.1 0.1 -0.1 0 0.4 0.5 -0.1 0.5 0.1 -0.4 0.5 0.2 0.1 0 0.4 -0.2 -0.5 0.2 0.5 -0.1 0 0.2 0.4 -0.4 -0.4 0.6 -0.1 0.1 , 2713.7 2713.7 977.1 2246 2034.5 1964.6 2170.9 1436 977.1 1414.6 1663.9 1436 1436.8 2246 1831.6 1663.9 2246 1663.9 2455 1436.8 ,15.0807 9.1 68.9381 14 68.9592 30.1 66 30 60 15 30 9 24 3 14.9636 2 , 499.4,0.75 0.75 0.75 0.75 0.75 0.75 0.75 0.75 0.75 0.263737 0.263737 0.263737 0.263737 0.263737 0.263737 -0.0314328 -0.0314328 -0.0314328 -0.0314328 -0.0314328 ,0.5 0.5 0.5 0.5 0.5 0.5 0.5 0.5 0.5 0.609158 0.609158 0.609158 0.609158 0.609158 0.609158 0.120315 0.120315 0.120315 0.120315 0.120315 ,-0.2 -0.2 -0.2 -0.2 -0.2 -0.2 -0.2 -0.2 -0.2 -0.00366313 -0.00366313 -0.00366313 -0.00366313 -0.00366313 -0.00366313 -0.00373022 -0.00373022 -0.00373022 -0.00373022 -0.00373022 ,-0.2 -0.2 -0.2 -0.2 -0.2 -0.2 -0.2 -0.2 -0.2 -0.303663 -0.303663 -0.303663 -0.303663 -0.303663 -0.303663 -0.809225 -0.809225 -0.809225 -0.809225 -0.809225 ,-0.4 -0.4 -0.4 -0.4 -0.4 -0.4 -0.4 -0.4 -0.4 0.192674 0.192674 0.192674 0.192674 0.192674 0.192674 -0.00379731 -0.00379731 -0.00379731 -0.00379731 -0.00379731 ,-0.4 -0.4 -0.4 -0.4 -0.4 -0.4 -0.4 -0.4 -0.4 -0.907326 -0.907326 -0.907326 -0.907326 -0.907326 -0.907326 -0.923945 -0.923945 -0.923945 -0.923945 -0.923945 ,
12,12,Patient,53.2,"A",W,M,E,0.675016,-0.0240273,0.0403973,0.23753,0.13144,0.374042,Neurotic,0.94,-0.3 -0.4 0.2 0 -0.2 -0.4 -0.1 -0.5 0.1 0.1 0.2 -0.3 -0.1 0.2 0.4 0.3 0.2 -0.2 -0.3 0.3 -0.1 0.6 -0.4 0.1 0.3 -0.2 -0.4 -0.5 -0.7 0.2 0.9 0.6 -0.1 0 0.1 0.3 0.3 -0.3 -0.1 -0.4 0.4 0 -0.6 -0.2 0.9 -0.8 0.4 0.2 0.5 -0.3 -0.4 -0.4 -0.1 -0.2 -0.9 0.3 0 0.3 0 -0.3 0 0 0.4 0.2 0.1 0.5 0.3 -0.2 0.4 -0.4 0.1 -0.5 -0.3 -0.4 0.2 0 -0.2 -0.4 0.1 -0.1 -0.3 -0.1 0.1 -0.2 0.3 0.1 -0.1 0 0.3 -0.2 0.1 1 0.4 -0.2 0.1 -0.4 0.5 -0.3 -0.4 -0.4 -0.1 -0.2 0.3 0.1 -0.1 0 0.3 -0.2 0.5 0.1 0 0.1 0.2 -0.1 0.3 -0.3 0.3 0.2 -0.3 -0.3 , 2542.1 1423.2 1299.2 796.9 1607.1 1081.8 1877.8 2243.3 1812.6 2542.1 2570.8 2830.9 1607.1 2830.9 372.9 1954.2 2243.3 2830.9 372.9 1299.2 ,14.9808 9.1 69.0525 14 69.047 30.1 66 30 60 15 50.9374 14 51.0598 30.1 42 30 36 15 27.0866 14 26.9123 30.1 18 30 18 15 24 9 24 3 15.0381 2 , 498.9,0.75 0.75 0.75 0.75 0.75 0.663737 0.663737 0.663737 0.663737 0.663737 0.663737 0.663737 0.575893 0.575893 0.575893 0.575893 0.575893 0.575893 0.575893 0.575893 ,0.5 0.5 0.5 0.5 0.5 0.00915782 0.00915782 0.00915782 0.00915782 0.00915782 0.00915782 0.00915782 0.209326 0.209326 0.209326 0.209326 0.209326 0.209326 0.209326 0.209326 ,-0.2 -0.2 -0.2 -0.2 -0.2 -0.103663 -0.103663 -0.103663 -0.103663 -0.103663 -0.103663 -0.103663 0.294438 0.294438 0.294438 0.294438 0.294438 0.294438 0.294438 0.294438 ,-0.2 -0.2 -0.2 -0.2 -0.2 -0.103663 -0.103663 -0.103663 -0.103663 -0.103663 -0.103663 -0.103663 0.194438 0.194438 0.194438 0.194438 0.194438 0.194438 0.194438 0.194438 ,-0.4 -0.4 -0.4 -0.4 -0.4 -0.207326 -0.207326 -0.207326 -0.207326 -0.207326 -0.207326 -0.207326 -0.0111236 -0.0111236 -0.0111236 -0.0111236 -0.0111236 -0.0111236 -0.0111236 -0.0111236 ,-0.4 -0.4 -0.4 -0.4 -0.4 -0.707326 -0.707326 -0.707326 -0.707326 -0.707326 -0.707326 -0.707326 -0.920281 -0.920281 -0.920281 -0.920281 -0.920281 -0.920281 -0.920281 -0.920281 ,
13,13,Visitor,77.8,"A",W,N/A,N/A,0.29,-0.413417,-0.23441,-0.146145,-0.758919,-0.332187,Neurotic,1.24,-0.1 0.3 -0.4 -0.3 0.2 -0.6 0.3 -0.3 -0.1 -0.4 0.4 0 0.2 -0.1 -0.6 0.1 -0.1 0.2 -0.3 -0.3 0.4 -0.4 -0.5 0.1 -0.3 0.3 -0.1 0.6 -0.4 0.1 0.7 -0.3 -0.4 0.4 -0.5 0.1 -0.6 -0.2 0.9 -0.8 0.4 0.2 0.1 1 0.4 -0.2 0.1 -0.4 -0.3 -0.3 0.4 -0.4 -0.5 0.1 0.1 1 0.4 -0.2 0.1 -0.4 0.3 -0.2 -0.4 -0.5 -0.7 0.2 -0.1 0 0.3 -0.4 -0.2 0.2 0.3 -0.3 -0.1 -0.4 0.4 0 -0.3 0.4 0 0.3 -0.3 0 0.3 -0.3 0.3 0.2 -0.3 -0.3 -0.4 -0.1 0.1 -0.1 0.2 0.3 -0.3 -0.4 0.2 0 -0.2 -0.4 0.5 0.2 0.1 0 0.4 -0.2 0.3 -0.2 -0.4 -0.5 -0.7 0.2 0.4 -0.4 -0.4 0.6 -0.1 0.1 , 2125.7 1046.5 2496.4 2148.6 2148.6 2568.3 1613.4 1462.8 2496.4 1286 2302.2 2148.6 1286 2419.3 1613.4 1623 1842.2 1556.1 2077.2 1754.1 ,14.9008 9.1 69.009 14 69.0349 30.1 66 30 60 15 30 9 24 3 15.0623 2 , 502.1,0.75 0.75 0.75 0.75 0.75 1.06374 1.06374 1.06374 1.06374 1.06374 1.06374 1.06374 1.28322 1.28322 1.28322 1.28322 1.28322 1.28322 1.28322 1.28322 ,0.5 0.5 0.5 0.5 0.5 0.209158 0.209158 0.209158 0.209158 0.209158 0.209158 0.209158 0.112989 0.112989 0.112989 0.112989 0.112989 0.112989 0.112989 0.112989 ,-0.2 -0.2 -0.2 -0.2 -0.2 -0.303663 -0.303663 -0.303663 -0.303663 -0.303663 -0.303663 -0.303663 -0.909225 -0.909225 -0.909225 -0.909225 -0.909225 -0.909225 -0.909225 -0.909225 ,-0.2 -0.2 -0.2 -0.2 -0.2 -0.603663 -0.603663 -0.603663 -0.603663 -0.603663 -0.603663 -0.603663 -0.51472 -0.51472 -0.51472 -0.51472 -0.51472 -0.51472 -0.51472 -0.51472 ,-0.4 -0.4 -0.4 -0.4 -0.4 -0.00732626 -0.00732626 -0.00732626 -0.00732626 -0.00732626 -0.00732626 -0.00732626 -0.10746 -0.10746 -0.10746 -0.10746 -0.10746 -0.10746 -0.10746 -0.10746 ,-0.4 -0.4 -0.4 -0.4 -0.4 -0.407326 -0.407326 -0.407326 -0.407326 -0.407326 -0.407326 -0.407326 -0.214787 -0.214787 -0.214787 -0.214787 -0.214787 -0.214787 -0.214787 -0.214787 ,
14,14,Patient,63.6,"A",W,F,K,-0.142778,-0.46245,-0.419698,-0.437748,-0.156931,-0.254358,Neurotic,0.81,-0.2 0 0.1 0.1 -0.1 0 0.4 -0.4 -0.4 0.6 -0.1 0.1 0.5 -0.3 -0.4 -0.4 -0.1 -0.2 -0.3 -0.4 0.2 0 -0.2 -0.4 -0.3 -0.3 0.4 -0.4 -0.5 0.1 -0.1 0.4 -0.4 0.9 0.3 0.4 -0.4 -0.1 0.1 -0.1 0.2 0.3 -0.3 0.3 -0.1 0.6 -0.4 0.1 0.1 0.4 0.5 0 0.2 0 -0.6 -0.2 0.9 -0.8 0.4 0.2 0.3 -0.3 -0.1 -0.4 0.4 0 0.5 -0.3 -0.4 -0.4 -0.1 -0.2 0.1 0.4 0.5 0 0.2 0 -0.4 -0.4 0.3 -0.1 0.1 -0.2 0 0 0.4 0.2 0.1 0.5 -0.3 0.4 0 0.3 -0.3 0 -0.3 -0.4 0.2 0 -0.2 -0.4 0 -0.4 -0.3 0.8 0 0 -0.1 0.4 -0.4 0.9 0.3 0.4 0.3 0.1 -0.1 0 0.3 -0.2 , 2699.1 2746.6 2326.6 2215 2852.1 2917.6 2852.1 2009.4 1390.7 2699.1 2009.4 1590.4 2009.4 2326.6 2215 2009.4 2697.4 1800.6 1477.2 1573.7 ,15.0875 9.1 68.9385 14 69.0149 30.1 66 30 60 15 8.91334 14 8.91739 30.1 39.0885 35 39.0582 42.1 30 42 30 36 36 30 36 15 30 9 24 3 14.9616 2 , 498.6,0.75 0.75 0.75 0.75 0.75 0.75 0.75 0.75 0.75 0.75 1.16374 1.16374 1.16374 1.16374 1.16374 1.68505 1.68505 1.68505 1.68505 1.68505 ,0.5 0.5 0.5 0.5 0.5 0.5 0.5 0.5 0.5 0.5 0.109158 0.109158 0.109158 0.109158 0.109158 -0.188843 -0.188843 -0.188843 -0.188843 -0.188843 ,-0.2 -0.2 -0.2 -0.2 -0.2 -0.2 -0.2 -0.2 -0.2 -0.2 -0.603663 -0.603663 -0.603663 -0.603663 -0.603663 -1.01472 -1.01472 -1.01472 -1.01472 -1.01472 ,-0.2 -0.2 -0.2 -0.2 -0.2 -0.2 -0.2 -0.2 -0.2 -0.2 0.396337 0.396337 0.396337 0.396337 0.396337 0.00359604 0.00359604 0.00359604 0.00359604 0.00359604 ,-0.4 -0.4 -0.4 -0.4 -0.4 -0.4 -0.4 -0.4 -0.4 -0.4 -0.507326 -0.507326 -0.507326 -0.507326 -0.507326 -0.616618 -0.616618 -0.616618 -0.616618 -0.616618 ,-0.4 -0.4 -0.4 -0.4 -0.4 -0.4 -0.4 -0.4 -0.4 -0.4 -0.307326 -0.307326 -0.307326 -0.307326 -0.307326 -0.512955 -0.512955 -0.512955 -0.512955 -0.512955 ,
15,15,Patient,72.0,"A",W,M,B,-0.393976,-0.259598,0.29,-0.0610522,-0.500337,-0.543946,Neurotic,0.69,-0.9 0.3 0 0.3 0 -0.3 -0.4 -0.4 0.3 -0.1 0.1 -0.2 -0.4 0.3 0.1 -0.2 0.1 -0.3 -0.3 0.3 -0.1 0.6 -0.4 0.1 -0.3 0.3 -0.1 0.6 -0.4 0.1 0.5 -0.3 -0.4 -0.4 -0.1 -0.2 0.3 -0.2 0.2 -0.1 -0.3 -0.1 -0.4 -0.4 0.3 -0.1 0.1 -0.2 0.3 -0.2 0.2 -0.1 -0.3 -0.1 -0.3 -0.3 0.4 -0.4 -0.5 0.1 -0.4 0 0.1 0.1 0.3 -0.2 -0.3 -0.3 0.4 -0.4 -0.5 0.1 0.5 -0.3 -0.4 -0.4 -0.1 -0.2 0.3 0.1 -0.1 0 0.3 -0.2 -0.1 0 0.3 -0.4 -0.2 0.2 0.1 -0.1 -0.3 -0.1 0.1 -0.2 0.5 0.2 0.1 0 0.4 -0.2 -0.9 0.3 0 0.3 0 -0.3 0.1 -0.1 -0.3 -0.1 0.1 -0.2 -0.5 0.2 0.5 -0.1 0 0.2 , 2461 1315.8 2193.8 1696.6 1696.6 1322.8 675 2521.2 1322.8 2521.2 675 1901.5 1901.5 2193.8 1941.3 1696.6 1696.6 1941.3 2719.9 2461 ,14.9007 9.1 69.0646 14 68.9136 30.1 66 30 60 15 50.9966 14 51.012 30.1 60 30 60 15 54 9 62.9851 8 62.914 3.1 54 3 14.9242 2 , 498.4,0.75 0.75 0.75 0.75 0.75 0.75 0.75 0.75 0.363737 0.363737 0.363737 0.363737 0.363737 -0.0296012 -0.0296012 -0.0296012 -0.0296012 -0.0296012 -0.0296012 -0.330143 ,0.5 0.5 0.5 0.5 0.5 0.5 0.5 0.5 0.109158 0.109158 0.109158 0.109158 0.109158 0.411157 0.411157 0.411157 0.411157 0.411157 0.411157 0.718688 ,-0.2 -0.2 -0.2 -0.2 -0.2 -0.2 -0.2 -0.2 0.0963369 0.0963369 0.0963369 0.0963369 0.0963369 0.198101 0.198101 0.198101 0.198101 0.198101 0.198101 0.10173 ,-0.2 -0.2 -0.2 -0.2 -0.2 -0.2 -0.2 -0.2 -0.303663 -0.303663 -0.303663 -0.303663 -0.303663 -0.509225 -0.509225 -0.509225 -0.509225 -0.509225 -0.509225 0.0814483 ,-0.4 -0.4 -0.4 -0.4 -0.4 -0.4 -0.4 -0.4 -0.307326 -0.307326 -0.307326 -0.307326 -0.307326 -0.212955 -0.212955 -0.212955 -0.212955 -0.212955 -0.212955 -0.616856 ,-0.4 -0.4 -0.4 -0.4 -0.4 -0.4 -0.4 -0.4 -0.607326 -0.607326 -0.607326 -0.607326 -0.607326 -0.91845 -0.91845 -0.91845 -0.91845 -0.91845 -0.91845 -0.835272 ,
16,16,Patient,80.0,"A",W,E,F,-0.251849,-0.127797,-0.199615,-0.445096,-0.396435,-0.167915,Neurotic,0.94,0.1 -0.1 -0.3 -0.1 0.1 -0.2 0.7 -0.3 -0.4 0.4 -0.5 0.1 -0.9 0.3 0 0.3 0 -0.3 0.1 1 0.4 -0.2 0.1 -0.4 0.3 -0.3 0.3 0.2 -0.3 -0.3 -0.3 -0.2 -0.4 0.5 0.2 -0.1 0.8 0.7 0.4 0.7 -0.3 0.4 0.1 0.4 0.5 0 0.2 0 0 -0.4 -0.3 0.8 0 0 0.5 -0.3 -0.4 -0.4 -0.1 -0.2 0.2 -0.1 -0.6 0.1 -0.1 0.2 -0.3 -0.2 -0.4 0.5 0.2 -0.1 0.1 1 0.4 -0.2 0.1 -0.4 -0.2 0.2 -0.4 -0.4 -0.4 0.5 0.2 -0.1 -0.6 0.1 -0.1 0.2 0.1 -0.4 -0.2 0.5 0.2 0.4 -0.2 0.2 -0.4 -0.4 -0.4 0.5 0.5 0.1 0 0.1 0.2 -0.1 -0.1 0.4 -0.4 0.9 0.3 0.4 -0.1 0.1 -0.1 0.1 0.1 0.3 , 1542.4 2396.4 2396.4 2003.4 1804.7 1091.1 1088.5 1542.4 1793.9 2732.7 2470.8 2923.1 1091.1 1285.2 1718 1804.7 1718 1856 2973.5 1804.7 ,15.0477 9.1 68.9048 14 69.0659 30.1 66 30 60 15 26.9852 14 27.0528 30.1 18 30 12 15 8.98529 14 9.0949 30.1 12 30 12 15 6 9 6 3 14.9044 2 , 499.9,0.75 0.75 0.75 0.75 0.75 0.75 0.75 0.75 0.75 0.75 1.46374 1.46374 1.46374 1.46374 1.46374 1.46374 1.46374 1.46374 0.590546 0.590546 ,0.5 0.5 0.5 0.5 0.5 0.5 0.5 0.5 0.5 0.5 0.209158 0.209158 0.209158 0.209158 0.209158 0.209158 0.209158 0.209158 0.512989 0.512989 ,-0.2 -0.2 -0.2 -0.2 -0.2 -0.2 -0.2 -0.2 -0.2 -0.2 -0.603663 -0.603663 -0.603663 -0.603663 -0.603663 -0.603663 -0.603663 -0.603663 -0.61472 -0.61472 ,-0.2 -0.2 -0.2 -0.2 -0.2 -0.2 -0.2 -0.2 -0.2 -0.2 0.196337 0.196337 0.196337 0.196337 0.196337 0.196337 0.196337 0.196337 0.499933 0.499933 ,-0.4 -0.4 -0.4 -0.4 -0.4 -0.4 -0.4 -0.4 -0.4 -0.4 -0.907326 -0.907326 -0.907326 -0.907326 -0.907326 -0.907326 -0.907326 -0.907326 -0.923945 -0.923945 ,-0.4 -0.4 -0.4 -0.4 -0.4 -0.4 -0.4 -0.4 -0.4 -0.4 -0.307326 -0.307326 -0.307326 -0.307326 -0.307326 -0.307326 -0.307326 -0.307326 -0.612955 -0.612955 ,
17,17,Patient,47.3,"A",W,K,M,0.0849144,-0.0572017,0.184352,0.547838,0.3213,0.236479,Neurotic,0.81,-0.4 0.3 0.1 -0.2 0.1 -0.3 0.2 -0.1 -0.6 0.1 -0.1 0.2 -0.1 0.1 -0.1 0.1 0.1 0.3 -0.5 0.1 0.2 -0.1 0.6 -0.5 -0.3 -0.5 0 -0.5 -0.2 0 0.1 0.4 0.5 0 0.2 0 -0.1 0 0.3 -0.4 -0.2 0.2 -0.3 0.3 -0.1 0.6 -0.4 0.1 0.3 -0.2 0.4 -0.4 0.1 -0.5 0.3 -0.3 -0.1 -0.4 0.4 0 0.4 -0.4 -0.4 0.6 -0.1 0.1 0.2 -0.2 0.1 0.6 0.1 0.6 -0.1 0.4 -0.4 0.9 0.3 0.4 -0.5 0.2 0.5 -0.1 0 0.2 -0.3 -0.4 0.2 0 -0.2 -0.4 -0.1 0.4 -0.4 0.9 0.3 0.4 -0.3 -0.3 0.4 -0.4 -0.5 0.1 -0.3 -0.4 0.2 0 -0.2 -0.4 -0.1 0.3 -0.4 -0.3 0.2 -0.6 -0.1 0.4 -0.4 0.9 0.3 0.4 , 1358.1 1358.1 1324.6 578.8 1469.3 2344.8 1756.4 2105 2190.1 1616.4 1471.9 1393.2 1756.4 1756.4 578.8 1271.5 1891 2344.8 1471.9 1900.6 ,15.0022 9.1 69.0668 14 69.0563 30.1 39.0457 35 39.071 42.1 48 42 48 36 42 30 42 15 51.0094 14 51.0623 30.1 42 30 36 15 30 9 24 3 15.03 2 , 498.9,0.75 0.75 0.75 0.75 0.75 0.75 0.963737 0.963737 0.963737 0.963737 0.963737 0.963737 0.963737 0.881388 0.881388 0.881388 0.881388 0.881388 0.881388 0.881388 ,0.5 0.5 0.5 0.5 0.5 0.5 0.409158 0.409158 0.409158 0.409158 0.409158 0.409158 0.409158 0.516652 0.516652 0.516652 0.516652 0.516652 0.516652 0.516652 ,-0.2 -0.2 -0.2 -0.2 -0.2 -0.2 -0.803663 -0.803663 -0.803663 -0.803663 -0.803663 -0.803663 -0.803663 -0.918383 -0.918383 -0.918383 -0.918383 -0.918383 -0.918383 -0.918383 ,-0.2 -0.2 -0.2 -0.2 -0.2 -0.2 -0.103663 -0.103663 -0.103663 -0.103663 -0.103663 -0.103663 -0.103663 -0.00556178 -0.00556178 -0.00556178 -0.00556178 -0.00556178 -0.00556178 -0.00556178 ,-0.4 -0.4 -0.4 -0.4 -0.4 -0.4 -0.507326 -0.507326 -0.507326 -0.507326 -0.507326 -0.507326 -0.507326 -0.416618 -0.416618 -0.416618 -0.416618 -0.416618 -0.416618 -0.416618 ,-0.4 -0.4 -0.4 -0.4 -0.4 -0.4 -0.207326 -0.207326 -0.207326 -0.207326 -0.207326 -0.207326 -0.207326 0.0888764 0.0888764 0.0888764 0.0888764 0.0888764 0.0888764 0.0888764 ,
18,18,Patient,89.1,"A",W,N,B,-0.265357,0.0664215,-0.451834,-0.431155,-0.348591,-0.400733,Neurotic,0.69,0.9 0.6 -0.1 0 0.1 0.3 -0.1 0.1 -0.1 0.1 0.1 0.3 -0.1 -0.1 -0.6 -0.3 -0.5 -0.3 0.1 -0.4 -0.2 0.5 0.2 0.4 -0.3 0.3 -0.1 0.6 -0.4 0.1 -0.3 -0.4 0.2 0 -0.2 -0.4 0.1 -0.4 -0.2 0.5 0.2 0.4 -0.1 -0.1 -0.6 -0.3 -0.5 -0.3 0.3 -0.2 -0.4 -0.5 -0.7 0.2 0.5 -0.3 -0.4 -0.4 -0.1 -0.2 -0.3 0.3 -0.1 0.6 -0.4 0.1 0.2 -0.2 0.1 0.6 0.1 0.6 0.2 -0.2 0.1 0.6 0.1 0.6 0.3 -0.2 0.4 -0.4 0.1 -0.5 0.2 -0.1 -0.6 0.1 -0.1 0.2 -0.3 -0.4 0.2 0 -0.2 -0.4 -0.3 0.3 -0.1 0.6 -0.4 0.1 -0.9 0.3 0 0.3 0 -0.3 -0.3 -0.2 -0.4 0.5 0.2 -0.1 0 -0.4 -0.3 0.8 0 0 , 1671.8 3249.7 1032.3 1613.2 1870.5 1870.5 1672.5 2564.2 2146.6 1760.2 1672.5 3249.7 1936.7 2564.2 1870.5 1870.5 1760.2 1760.2 1613.2 2217 ,15.0104 9.1 68.9918 14 68.9924 30.1 63.0356 35 62.9086 42.1 54 42 54 36 60 30 60 15 54 9 63.0075 8 62.9469 3.1 54 3 14.9965 2 , 499.2,0.75 0.75 0.75 0.75 0.75 0.75 0.75 0.75 0.75 0.75 0.75 0.663737 0.663737 0.663737 0.663737 0.575893 0.575893 0.575893 0.575893 0.575893 ,0.5 0.5 0.5 0.5 0.5 0.5 0.5 0.5 0.5 0.5 0.5 0.609158 0.609158 0.609158 0.609158 0.520315 0.520315 0.520315 0.520315 0.520315 ,-0.2 -0.2 -0.2 -0.2 -0.2 -0.2 -0.2 -0.2 -0.2 -0.2 -0.2 -0.303663 -0.303663 -0.303663 -0.303663 -0.909225 -0.909225 -0.909225 -0.909225 -0.909225 ,-0.2 -0.2 -0.2 -0.2 -0.2 -0.2 -0.2 -0.2 -0.2 -0.2 -0.2 -0.103663 -0.103663 -0.103663 -0.103663 -0.405562 -0.405562 -0.405562 -0.405562 -0.405562 ,-0.4 -0.4 -0.4 -0.4 -0.4 -0.4 -0.4 -0.4 -0.4 -0.4 -0.4 -0.307326 -0.307326 -0.307326 -0.307326 -0.812955 -0.812955 -0.812955 -0.812955 -0.812955 ,-0.4 -0.4 -0.4 -0.4 -0.4 -0.4 -0.4 -0.4 -0.4 -0.4 -0.4 -0.107326 -0.107326 -0.107326 -0.107326 -0.409292 -0.409292 -0.409292 -0.409292 -0.409292 ,
19,19,Personel,50.2,"A",W,E,F,0.327743,0.20093,0.763617,0.83445,0.107438,0.300137,Neurotic,1.24,0.2 0.1 -0.2 0.2 -0.6 0.1 0.7 -0.3 -0.4 0.4 -0.5 0.1 0.3 0.1 -0.1 0 0.3 -0.2 0.3 0.1 -0.1 0 0.3 -0.2 -0.4 0.3 0.1 -0.2 0.1 -0.3 0 0 0.4 0.2 0.1 0.5 0.3 -0.2 0.4 -0.4 0.1 -0.5 -0.4 -0.1 0.1 -0.1 0.2 0.3 0.3 -0.2 -0.4 -0.5 -0.7 0.2 -0.3 0.4 0 0.3 -0.3 0 0.3 -0.3 -0.1 -0.4 0.4 0 -0.5 0.1 0.2 -0.1 0.6 -0.5 -0.4 0 0.1 0.1 0.3 -0.2 0.1 -0.4 -0.2 0.5 0.2 0.4 -0.2 0 0.1 0.1 -0.1 0 0 -0.4 -0.3 0.8 0 0 0.8 0.7 0.4 0.7 -0.3 0.4 0.5 0.1 0 0.1 0.2 -0.1 -0.2 0.2 -0.4 -0.4 -0.4 0.5 -0.1 0.3 -0.4 -0.3 0.2 -0.6 , 2461.3 1414.9 1414.9 2229.8 2317.8 1691.5 1691.5 1991 2317.8 1042.3 2279 2317.8 2229.8 848 2359.6 2019.8 2317.8 2497.3 1991 580.1 ,15.0106 9.1 69.0684 14 68.912 30.1 66 30 60 15 26.937 14 26.9884 30.1 18 30 12 15 8.93299 14 8.94344 30.1 12 30 12 15 6 9 6 3 15.0493 2 , 498.6,0.75 0.75 0.75 0.75 0.75 1.46374 1.46374 1.46374 1.46374 1.46374 1.46374 1.46374 1.46374 1.46374 1.79055 1.79055 1.79055 1.79055 1.79055 1.79055 ,0.5 0.5 0.5 0.5 0.5 0.209158 0.209158 0.209158 0.209158 0.209158 0.209158 0.209158 0.209158 0.209158 0.312989 0.312989 0.312989 0.312989 0.312989 0.312989 ,-0.2 -0.2 -0.2 -0.2 -0.2 -0.603663 -0.603663 -0.603663 -0.603663 -0.603663 -0.603663 -0.603663 -0.603663 -0.603663 -0.71472 -0.71472 -0.71472 -0.71472 -0.71472 -0.71472 ,-0.2 -0.2 -0.2 -0.2 -0.2 0.196337 0.196337 0.196337 0.196337 0.196337 0.196337 0.196337 0.196337 0.196337 0.199933 0.199933 0.199933 0.199933 0.199933 0.199933 ,-0.4 -0.4 -0.4 -0.4 -0.4 -0.907326 -0.907326 -0.907326 -0.907326 -0.907326 -0.907326 -0.907326 -0.907326 -0.907326 -0.623945 -0.623945 -0.623945 -0.623945 -0.623945 -0.623945 ,-0.4 -0.4 -0.4 -0.4 -0.4 -0.307326 -0.307326 -0.307326 -0.307326 -0.307326 -0.307326 -0.307326 -0.307326 -0.307326 -0.512955 -0.512955 -0.512955 -0.512955 -0.512955 -0.512955 ,
20,20,Personel,31.5,"A",W,G,K,0.171592,0.575163,0.106501,0.693957,0.288509,0.278312,Neurotic,2.48,-0.4 0 0.1 0.1 0.3 -0.2 0.5 -0.3 -0.4 -0.4 -0.1 -0.2 -0.4 0 0.1 0.1 0.3 -0.2 0.5 -0.3 -0.4 -0.4 -0.1 -0.2 0.3 -0.7 -0.2 0.6 -0.1 0.3 -0.3 -0.4 0.2 0 -0.2 -0.4 0.2 0.1 -0.2 0.2 -0.6 0.1 0.1 1 0.4 -0.2 0.1 -0.4 -0.5 0.2 0.5 -0.1 0 0.2 0.3 -0.3 0.3 0.2 -0.3 -0.3 -0.1 -0.1 -0.6 -0.3 -0.5 -0.3 0.8 0.7 0.4 0.7 -0.3 0.4 0 -0.4 -0.3 0.8 0 0 -0.1 0.1 -0.1 0.1 0.1 0.3 0.5 -0.3 -0.4 -0.4 -0.1 -0.2 0.1 -0.1 -0.3 -0.1 0.1 -0.2 -0.3 0.4 0 0.3 -0.3 0 -0.2 0.2 -0.4 -0.4 -0.4 0.5 -0.4 -0.1 0.1 -0.1 0.2 0.3 0.5 -0.3 -0.4 -0.4 -0.1 -0.2 , 1613.3 2536.3 2268 1434.7 2500.6 1630.1 1061.8 1394.7 1079.8 2268 2071.6 2648.6 1578.2 1558.9 2500.6 1061.8 1241.9 1578.2 2268 2177.6 ,14.9618 9.1 69.0377 14 68.908 30.1 14.9292 35 15.0169 42.1 24 42 30 36 39.0391 35 38.9009 42.1 30 42 30 36 36 30 36 15 30 9 24 3 14.9626 2 , 501.3,0.75 0.75 0.75 0.75 0.75 0.75 0.75 1.26374 1.26374 1.26374 1.26374 0.886883 0.886883 0.886883 0.886883 0.886883 0.886883 0.886883 1.40313 1.40313 ,0.5 0.5 0.5 0.5 0.5 0.5 0.5 0.209158 0.209158 0.209158 0.209158 0.212989 0.212989 0.212989 0.212989 0.212989 0.212989 0.212989 -0.0831103 -0.0831103 ,-0.2 -0.2 -0.2 -0.2 -0.2 -0.2 -0.2 -0.603663 -0.603663 -0.603663 -0.603663 -0.51472 -0.51472 -0.51472 -0.51472 -0.51472 -0.51472 -0.51472 -0.924147 -0.924147 ,-0.2 -0.2 -0.2 -0.2 -0.2 -0.2 -0.2 -0.603663 -0.603663 -0.603663 -0.603663 -0.51472 -0.51472 -0.51472 -0.51472 -0.51472 -0.51472 -0.51472 -0.924147 -0.924147 ,-0.4 -0.4 -0.4 -0.4 -0.4 -0.4 -0.4 -0.507326 -0.507326 -0.507326 -0.507326 -0.216618 -0.216618 -0.216618 -0.216618 -0.216618 -0.216618 -0.216618 -0.320586 -0.320586 ,-0.4 -0.4 -0.4 -0.4 -0.4 -0.4 -0.4 -0.607326 -0.607326 -0.607326 -0.607326 -0.81845 -0.81845 -0.81845 -0.81845 -0.81845 -0.81845 -0.81845 -1.03344 -1.03344 ,
21,21,Patient,59.4,"A",W,M,N,0.144139,0.289571,0.405109,0.101218,-0.0771816,0.134005,Neurotic,0.94,0 0 0.4 0.2 0.1 0.5 -0.5 0.1 0.2 -0.1 0.6 -0.5 0.5 -0.3 -0.4 -0.4 -0.1 -0.2 0.1 1 0.4 -0.2 0.1 -0.4 0.4 -0.4 -0.4 0.6 -0.1 0.1 0.5 -0.3 -0.4 -0.4 -0.1 -0.2 0.1 -0.1 -0.3 -0.1 0.1 -0.2 0.2 -0.1 -0.6 0.1 -0.1 0.2 -0.6 -0.2 0.9 -0.8 0.4 0.2 -0.9 0.3 0 0.3 0 -0.3 0.7 -0.3 -0.4 0.4 -0.5 0.1 -0.5 0.2 0.5 -0.1 0 0.2 0.1 -0.4 -0.2 0.5 0.2 0.4 0.3 -0.3 -0.1 -0.4 0.4 0 0.3 -0.3 0.3 0.2 -0.3 -0.3 0.3 -0.3 0.3 0.2 -0.3 -0.3 0.8 0.7 0.4 0.7 -0.3 0.4 0.4 0.5 -0.1 0.5 0.1 -0.4 -0.1 0 0.3 -0.4 -0.2 0.2 -0.1 0.2 0.4 0.3 0.2 -0.2 , 2567.5 1816.7 3192.5 2567.5 1286.2 1940.8 650 3257.3 2520.6 721.4 3192.5 3241.4 2379.5 1519.1 650 1814 3257.3 650 1286.2 2278.3 ,15.0588 9.1 68.905 14 69.0001 30.1 66 30 60 15 50.9116 14 50.9942 30.1 63.094 35 63.0357 42.1 54 42 48 36 42 30 36 15 30 9 24 3 15.0868 2 , 498.8,0.75 0.75 0.75 0.75 0.75 0.75 0.263737 0.263737 0.263737 0.263737 0.263737 0.263737 0.263737 0.263737 0.263737 0.768567 0.768567 0.768567 0.768567 0.768567 ,0.5 0.5 0.5 0.5 0.5 0.5 0.609158 0.609158 0.609158 0.609158 0.609158 0.609158 0.609158 0.609158 0.609158 0.320315 0.320315 0.320315 0.320315 0.320315 ,-0.2 -0.2 -0.2 -0.2 -0.2 -0.2 -0.00366313 -0.00366313 -0.00366313 -0.00366313 -0.00366313 -0.00366313 -0.00366313 -0.00366313 -0.00366313 -0.40373 -0.40373 -0.40373 -0.40373 -0.40373 ,-0.2 -0.2 -0.2 -0.2 -0.2 -0.2 -0.303663 -0.303663 -0.303663 -0.303663 -0.303663 -0.303663 -0.303663 -0.303663 -0.303663 -0.709225 -0.709225 -0.709225 -0.709225 -0.709225 ,-0.4 -0.4 -0.4 -0.4 -0.4 -0.4 0.192674 0.192674 0.192674 0.192674 0.192674 0.192674 0.192674 0.192674 0.192674 0.0962027 0.0962027 0.0962027 0.0962027 0.0962027 ,-0.4 -0.4 -0.4 -0.4 -0.4 -0.4 -0.907326 -0.907326 -0.907326 -0.907326 -0.907326 -0.907326 -0.907326 -0.907326 -0.907326 -1.12394 -1.12394 -1.12394 -1.12394 -1.12394 ,
22,22,Visitor,88.6,"A",W,N/A,N/A,-0.353056,-0.23058,-0.541034,-0.485279,-0.316203,-0.210359,Neurotic,1.24,0.5 0.2 0.1 0 0.4 -0.2 -0.4 0 0.1 0.1 0.3 -0.2 -0.1 0.4 -0.4 0.9 0.3 0.4 -0.3 -0.4 0.2 0 -0.2 -0.4 -0.5 0.1 0.2 -0.1 0.6 -0.5 -0.3 -0.2 -0.4 0.5 0.2 -0.1 -0.7 0.2 0.2 0.3 0 -0.2 -0.1 0.4 -0.4 0.9 0.3 0.4 -0.4 -0.1 0.1 -0.1 0.2 0.3 0.7 -0.3 -0.4 0.4 -0.5 0.1 -0.5 0.2 0.5 -0.1 0 0.2 -0.2 0 0.1 0.1 -0.1 0 -0.5 0.2 0.5 -0.1 0 0.2 -0.1 -0.1 -0.6 -0.3 -0.5 -0.3 0.3 0.1 -0.1 0 0.3 -0.2 0.1 -0.1 -0.3 -0.1 0.1 -0.2 -0.5 0.1 0.2 -0.1 0.6 -0.5 -0.7 0.2 0.2 0.3 0 -0.2 0.3 -0.2 0.2 -0.1 -0.3 -0.1 -0.1 0.2 0.4 0.3 0.2 -0.2 , 2091.6 1407.3 828.1 1881.9 1261.7 1802 2091.6 2725.8 1364.8 1470.4 1121.4 1470.4 1364.8 828.1 1407.3 1349 1842.6 1976.8 1407.3 2896.4 ,14.9101 9.1 68.9723 14 69.0431 30.1 66 30 60 15 30 9 24 3 15.0865 2 , 500.4,0.75 0.75 0.75 0.75 0.75 0.75 0.75 0.75 0.75 0.363737 0.363737 0.363737 0.363737 0.363737 0.363737 0.363737 0.270399 0.270399 0.270399 0.270399 ,0.5 0.5 0.5 0.5 0.5 0.5 0.5 0.5 0.5 0.509158 0.509158 0.509158 0.509158 0.509158 0.509158 0.509158 0.918483 0.918483 0.918483 0.918483 ,-0.2 -0.2 -0.2 -0.2 -0.2 -0.2 -0.2 -0.2 -0.2 -0.103663 -0.103663 -0.103663 -0.103663 -0.103663 -0.103663 -0.103663 -0.505562 -0.505562 -0.505562 -0.505562 ,-0.2 -0.2 -0.2 -0.2 -0.2 -0.2 -0.2 -0.2 -0.2 -0.103663 -0.103663 -0.103663 -0.103663 -0.103663 -0.103663 -0.103663 0.794438 0.794438 0.794438 0.794438 ,-0.4 -0.4 -0.4 -0.4 -0.4 -0.4 -0.4 -0.4 -0.4 -0.107326 -0.107326 -0.107326 -0.107326 -0.107326 -0.107326 -0.107326 0.190708 0.190708 0.190708 0.190708 ,-0.4 -0.4 -0.4 -0.4 -0.4 -0.4 -0.4 -0.4 -0.4 -0.607326 -0.607326 -0.607326 -0.607326 -0.607326 -0.607326 -0.607326 -0.21845 -0.21845 -0.21845 -0.21845 ,
23,23,Patient,40.8,"A",W,B,E,0.225465,0.0399677,0.74295,-0.0484335,0.549029,0.124431,Neurotic,0.81,-0.1 0.1 -0.1 0.1 0.1 0.3 0.7 -0.3 -0.4 0.4 -0.5 0.1 0 0 0.4 0.2 0.1 0.5 0.1 -0.4 -0.2 0.5 0.2 0.4 -0.4 0 0.1 0.1 0.3 -0.2 0 -0.4 -0.3 0.8 0 0 -0.5 0.1 0.2 -0.1 0.6 -0.5 -0.3 -0.4 0.2 0 -0.2 -0.4 0.2 -0.2 0.1 0.6 0.1 0.6 -0.3 0.3 -0.1 0.6 -0.4 0.1 0.5 -0.3 -0.4 -0.4 -0.1 -0.2 0.4 0.5 -0.1 0.5 0.1 -0.4 0.3 -0.2 0.4 -0.4 0.1 -0.5 0.1 -0.4 -0.2 0.5 0.2 0.4 -0.2 0.2 -0.4 -0.4 -0.4 0.5 0.9 0.6 -0.1 0 0.1 0.3 -0.1 0.4 -0.4 0.9 0.3 0.4 -0.3 -0.5 0 -0.5 -0.2 0 0.5 -0.3 -0.4 -0.4 -0.1 -0.2 -0.4 0.3 0.1 -0.2 0.1 -0.3 , 1435.4 1329.2 2939.2 1286.5 2154.1 1935.7 2939.2 2939.2 1698.2 1182.1 1435.4 1435.4 1182.1 1518.2 2939.2 2056.9 1818.5 1698.2 1935.7 1182.1 ,15.0514 9.1 69.0448 14 68.9278 30.1 66 30 66 15 72 9 62.9855 8 63.0594 3.1 54 9 26.9815 14 26.957 30.1 18 30 18 15 24 9 24 3 15.0981 2 , 500.8,0.75 0.75 0.75 0.75 0.75 0.75 0.75 1.46374 1.46374 1.46374 1.46374 1.46374 1.46374 1.49055 1.49055 1.49055 1.49055 1.49055 1.49055 1.49055 ,0.5 0.5 0.5 0.5 0.5 0.5 0.5 0.209158 0.209158 0.209158 0.209158 0.209158 0.209158 0.212989 0.212989 0.212989 0.212989 0.212989 0.212989 0.212989 ,-0.2 -0.2 -0.2 -0.2 -0.2 -0.2 -0.2 -0.603663 -0.603663 -0.603663 -0.603663 -0.603663 -0.603663 -0.21472 -0.21472 -0.21472 -0.21472 -0.21472 -0.21472 -0.21472 ,-0.2 -0.2 -0.2 -0.2 -0.2 -0.2 -0.2 0.196337 0.196337 0.196337 0.196337 0.196337 0.196337 0.399933 0.399933 0.399933 0.399933 0.399933 0.399933 0.399933 ,-0.4 -0.4 -0.4 -0.4 -0.4 -0.4 -0.4 -0.907326 -0.907326 -0.907326 -0.907326 -0.907326 -0.907326 -0.823945 -0.823945 -0.823945 -0.823945 -0.823945 -0.823945 -0.823945 ,-0.4 -0.4 -0.4 -0.4 -0.4 -0.4 -0.4 -0.307326 -0.307326 -0.307326 -0.307326 -0.307326 -0.307326 0.187045 0.187045 0.187045 0.187045 0.187045 0.187045 0.187045 ,
24,24,Patient,73.2,"A",W,F,G,-0.212841,-0.315069,-0.588663,-0.630054,-0.655129,-0.373054,Neurotic,0.52,0.2 0.1 -0.2 0.2 -0.6 0.1 0.8 0.7 0.4 0.7 -0.3 0.4 -0.4 -0.1 0.1 -0.1 0.2 0.3 -0.2 0 0.1 0.1 -0.1 0 -0.2 0 0.1 0.1 -0.1 0 0.2 -0.1 -0.6 0.1 -0.1 0.2 0.1 -0.4 -0.2 0.5 0.2 0.4 -0.5 0.1 0.2 -0.1 0.6 -0.5 -0.5 0.1 0.2 -0.1 0.6 -0.5 -0.1 0.3 -0.4 -0.3 0.2 -0.6 0 -0.4 -0.3 0.8 0 0 -0.1 -0.5 0.1 0.1 0.2 -0.3 -0.3 0.4 0 0.3 -0.3 0 0.2 -0.2 0.1 0.6 0.1 0.6 0.1 1 0.4 -0.2 0.1 -0.4 0.5 -0.3 -0.4 -0.4 -0.1 -0.2 -0.3 -0.3 0.4 -0.4 -0.5 0.1 -0.2 0.2 -0.4 -0.4 -0.4 0.5 0.4 -0.4 -0.4 0.6 -0.1 0.1 -0.1 0 0.3 -0.4 -0.2 0.2 , 1624 1747.5 2240.5 1368.1 2240.5 2269.2 1887.6 2240.5 1368.1 1747.5 2256.3 2269.2 2332.6 1796.5 2166 2269.2 1856 1926.7 2330.7 932.1 ,15.0578 9.1 69.0177 14 68.9962 30.1 66 30 60 15 9.07613 14 9.05776 30.1 15.0001 35 15.0607 42.1 24 42 24 36 18 30 18 15 24 9 24 3 15.0546 2 , 500.3,0.75 0.75 0.75 0.75 0.75 0.75 0.75 0.75 0.75 0.75 1.56374 1.56374 1.56374 1.56374 1.56374 1.56374 1.19238 1.19238 1.19238 1.19238 ,0.5 0.5 0.5 0.5 0.5 0.5 0.5 0.5 0.5 0.5 1.20916 1.20916 1.20916 1.20916 1.20916 1.20916 1.1313 1.1313 1.1313 1.1313 ,-0.2 -0.2 -0.2 -0.2 -0.2 -0.2 -0.2 -0.2 -0.2 -0.2 0.196337 0.196337 0.196337 0.196337 0.196337 0.196337 0.299933 0.299933 0.299933 0.299933 ,-0.2 -0.2 -0.2 -0.2 -0.2 -0.2 -0.2 -0.2 -0.2 -0.2 0.496337 0.496337 0.496337 0.496337 0.496337 0.496337 0.405428 0.405428 0.405428 0.405428 ,-0.4 -0.4 -0.4 -0.4 -0.4 -0.4 -0.4 -0.4 -0.4 -0.4 -0.707326 -0.707326 -0.707326 -0.707326 -0.707326 -0.707326 -0.520281 -0.520281 -0.520281 -0.520281 ,-0.4 -0.4 -0.4 -0.4 -0.4 -0.4 -0.4 -0.4 -0.4 -0.4 -0.00732626 -0.00732626 -0.00732626 -0.00732626 -0.00732626 -0.00732626 0.29254 0.29254 0.29254 0.29254 ,
25,25,Patient,46.7,"A",W,K,M,-0.522712,0.0894205,0.242831,0.175092,0.631911,0.240702,Neurotic,0.69,-0.4 -0.1 0.1 -0.1 0.2 0.3 -0.3 0 0.1 -0.4 0 0 -0.3 0.3 -0.1 0.6 -0.4 0.1 -0.5 0.1 0.2 -0.1 0.6 -0.5 -0.3 -0.4 0.2 0 -0.2 -0.4 -0.3 0.3 -0.1 0.6 -0.4 0.1 0.2 -0.2 0.1 0.6 0.1 0.6 0.3 -0.2 -0.4 -0.5 -0.7 0.2 -0.1 0.3 -0.4 -0.3 0.2 -0.6 -0.7 0.2 0.2 0.3 0 -0.2 0.3 -0.2 0.4 -0.4 0.1 -0.5 -0.1 0 0.3 -0.4 -0.2 0.2 -0.3 -0.3 0.4 -0.4 -0.5 0.1 0.3 -0.3 -0.1 -0.4 0.4 0 0.3 -0.2 -0.4 -0.5 -0.7 0.2 0.1 0.4 0.5 0 0.2 0 -0.1 0.3 -0.4 -0.3 0.2 -0.6 0.3 -0.2 0.2 -0.1 -0.3 -0.1 0.1 -0.1 -0.3 -0.1 0.1 -0.2 -0.1 0.4 -0.4 0.9 0.3 0.4 , 2823.6 1702 1977 2788.7 2099 2337.7 1977 2045.2 2823.6 1338.1 2615.6 2788.7 1401.4 2139.1 2099 1973.4 1007.4 2045.2 2615.6 1977 ,15.0286 9.1 68.9486 14 68.9094 30.1 39.0249 35 39.0144 42.1 48 42 48 36 42 30 42 15 51.0962 14 50.9182 30.1 42 30 36 15 30 9 24 3 14.9398 2 , 501.3,0.75 0.75 0.75 0.75 0.75 0.75 0.75 0.75 0.75 0.463737 0.463737 0.463737 0.463737 0.463737 0.463737 0.463737 0.463737 0.17223 0.17223 0.17223 ,0.5 0.5 0.5 0.5 0.5 0.5 0.5 0.5 0.5 0.509158 0.509158 0.509158 0.509158 0.509158 0.509158 0.509158 0.509158 0.818483 0.818483 0.818483 ,-0.2 -0.2 -0.2 -0.2 -0.2 -0.2 -0.2 -0.2 -0.2 -0.103663 -0.103663 -0.103663 -0.103663 -0.103663 -0.103663 -0.103663 -0.103663 -0.205562 -0.205562 -0.205562 ,-0.2 -0.2 -0.2 -0.2 -0.2 -0.2 -0.2 -0.2 -0.2 -0.603663 -0.603663 -0.603663 -0.603663 -0.603663 -0.603663 -0.603663 -0.603663 -0.0147196 -0.0147196 -0.0147196 ,-0.4 -0.4 -0.4 -0.4 -0.4 -0.4 -0.4 -0.4 -0.4 -0.407326 -0.407326 -0.407326 -0.407326 -0.407326 -0.407326 -0.407326 -0.407326 -0.814787 -0.814787 -0.814787 ,-0.4 -0.4 -0.4 -0.4 -0.4 -0.4 -0.4 -0.4 -0.4 -0.407326 -0.407326 -0.407326 -0.407326 -0.407326 -0.407326 -0.407326 -0.407326 -0.314787 -0.314787 -0.314787 ,
26,26,Patient,31.2,"A",W,N,B,0.37661,0.125931,-0.0498051,-0.135654,0.22167,-0.189466,Neurotic,0.94,0.3 -0.3 -0.1 -0.4 0.4 0 -0.5 0.2 0.5 -0.1 0 0.2 0.5 0.2 0.1 0 0.4 -0.2 -0.4 0.3 0.1 -0.2 0.1 -0.3 0.1 -0.4 -0.2 0.5 0.2 0.4 -0.4 -0.1 0.1 -0.1 0.2 0.3 0.8 0.7 0.4 0.7 -0.3 0.4 -0.1 0.4 -0.4 0.9 0.3 0.4 -0.3 -0.4 0.2 0 -0.2 -0.4 0 -0.4 -0.3 0.8 0 0 -0.3 0.3 -0.1 0.6 -0.4 0.1 0.3 -0.7 -0.2 0.6 -0.1 0.3 -0.3 -0.3 0.4 -0.4 -0.5 0.1 0.5 -0.3 -0.4 -0.4 -0.1 -0.2 -0.2 0 0.1 0.1 -0.1 0 0.1 0.4 0.5 0 0.2 0 -0.4 -0.4 0.3 -0.1 0.1 -0.2 -0.4 -0.4 0.3 -0.1 0.1 -0.2 -0.1 -0.1 -0.6 -0.3 -0.5 -0.3 -0.9 0.3 0 0.3 0 -0.3 , 1910.2 1668.1 2768.7 1930.9 1668.1 2414.9 2414.9 1668.1 1880.4 1668.1 2279.5 2768.7 2414.9 1910.2 1950.7 1144.7 2117 3397.4 1950.7 1880.4 ,14.9931 9.1 68.9646 14 69.0546 30.1 62.9269 35 62.9935 42.1 54 42 54 36 60 30 60 15 54 9 62.9693 8 62.9401 3.1 54 3 15.0524 2 , 499.2,0.75 0.75 0.75 0.75 0.75 0.75 0.75 0.75 0.75 0.75 0.263737 0.263737 0.263737 0.263737 0.263737 0.263737 0.263737 0.263737 0.263737 0.768567 ,0.5 0.5 0.5 0.5 0.5 0.5 0.5 0.5 0.5 0.5 0.709158 0.709158 0.709158 0.709158 0.709158 0.709158 0.709158 0.709158 0.709158 0.922146 ,-0.2 -0.2 -0.2 -0.2 -0.2 -0.2 -0.2 -0.2 -0.2 -0.2 0.296337 0.296337 0.296337 0.296337 0.296337 0.296337 0.296337 0.296337 0.296337 0.401764 ,-0.2 -0.2 -0.2 -0.2 -0.2 -0.2 -0.2 -0.2 -0.2 -0.2 -0.303663 -0.303663 -0.303663 -0.303663 -0.303663 -0.303663 -0.303663 -0.303663 -0.303663 -0.309225 ,-0.4 -0.4 -0.4 -0.4 -0.4 -0.4 -0.4 -0.4 -0.4 -0.4 -0.407326 -0.407326 -0.407326 -0.407326 -0.407326 -0.407326 -0.407326 -0.407326 -0.407326 -0.0147867 ,-0.4 -0.4 -0.4 -0.4 -0.4 -0.4 -0.4 -0.4 -0.4 -0.4 -0.207326 -0.207326 -0.207326 -0.207326 -0.207326 -0.207326 -0.207326 -0.207326 -0.207326 -0.411124 ,
27,27,Patient,84.4,"A",W,E,F,-0.35099,-0.291799,-0.269816,-0.539882,-0.208053,-0.726683,Neurotic,0.52,-0.9 0.3 0 0.3 0 -0.3 0.8 0.7 0.4 0.7 -0.3 0.4 0.5 0.1 0 0.1 0.2 -0.1 0.1 -0.4 -0.2 0.5 0.2 0.4 0.2 0.1 -0.2 0.2 -0.6 0.1 -0.4 0 0.1 0.1 0.3 -0.2 -0.9 0.3 0 0.3 0 -0.3 -0.1 0 0.3 -0.4 -0.2 0.2 0.3 -0.2 -0.4 -0.5 -0.7 0.2 0.4 -0.4 -0.4 0.6 -0.1 0.1 -0.3 0.3 -0.1 0.6 -0.4 0.1 -0.7 0.2 0.2 0.3 0 -0.2 -0.1 -0.1 -0.6 -0.3 -0.5 -0.3 -0.2 0.2 -0.4 -0.4 -0.4 0.5 0.3 -0.3 0.3 0.2 -0.3 -0.3 0.1 0.4 0.5 0 0.2 0 0.3 -0.7 -0.2 0.6 -0.1 0.3 -0.4 0.3 0.1 -0.2 0.1 -0.3 0.1 -0.1 -0.3 -0.1 0.1 -0.2 -0.9 0.3 0 0.3 0 -0.3 , 1263.9 1991.5 1522.3 1196.3 1215.7 2417.2 1263.9 1991.5 2206.5 1278.4 2417.2 2206.5 1364.7 1522.3 1265.7 2379.2 1364.7 1103.8 1278.4 1265.7 ,14.945 9.1 68.9757 14 69.0568 30.1 66 30 60 15 26.9327 14 27.0624 30.1 18 30 12 15 8.92825 14 9.03456 30.1 12 30 12 15 6 9 6 3 14.9219 2 , 501.5,0.75 0.75 0.75 0.75 0.75 0.75 0.75 1.56374 1.56374 1.56374 1.56374 1.56374 1.56374 2.09238 2.09238 2.09238 2.09238 2.2307 2.2307 2.2307 ,0.5 0.5 0.5 0.5 0.5 0.5 0.5 1.20916 1.20916 1.20916 1.20916 1.20916 1.20916 1.3313 1.3313 1.3313 1.3313 0.955688 0.955688 0.955688 ,-0.2 -0.2 -0.2 -0.2 -0.2 -0.2 -0.2 0.196337 0.196337 0.196337 0.196337 0.196337 0.196337 0.199933 0.199933 0.199933 0.199933 0.00359481 0.00359481 0.00359481 ,-0.2 -0.2 -0.2 -0.2 -0.2 -0.2 -0.2 0.496337 0.496337 0.496337 0.496337 0.496337 0.496337 0.605428 0.605428 0.605428 0.605428 1.11652 1.11652 1.11652 ,-0.4 -0.4 -0.4 -0.4 -0.4 -0.4 -0.4 -0.707326 -0.707326 -0.707326 -0.707326 -0.707326 -0.707326 -0.520281 -0.520281 -0.520281 -0.520281 -0.329811 -0.329811 -0.329811 ,-0.4 -0.4 -0.4 -0.4 -0.4 -0.4 -0.4 -0.00732626 -0.00732626 -0.00732626 -0.00732626 -0.00732626 -0.00732626 -0.10746 -0.10746 -0.10746 -0.10746 0.290571 0.290571 0.290571 ,
28,28,Visitor,67.3,"A",W,N/A,N/A,-0.501443,-0.877505,-0.131682,0.121031,-0.104922,-0.388041,Neurotic,2.48,0.4 0.5 -0.1 0.5 0.1 -0.4 0.5 0.1 0 0.1 0.2 -0.1 -0.5 0.2 0.5 -0.1 0 0.2 -0.3 0 0.1 -0.4 0 0 0 0 0.4 0.2 0.1 0.5 0.3 -0.2 0.2 -0.1 -0.3 -0.1 0.5 0.2 0.1 0 0.4 -0.2 -0.1 0.1 -0.1 0.1 0.1 0.3 0.1 -0.1 -0.4 -0.4 0.4 0.3 -0.1 0.4 -0.4 0.9 0.3 0.4 -0.1 0 0.3 -0.4 -0.2 0.2 -0.2 0.2 -0.4 -0.4 -0.4 0.5 -0.2 0.2 -0.4 -0.4 -0.4 0.5 -0.2 0 0.1 0.1 -0.1 0 -0.3 -0.3 0.4 -0.4 -0.5 0.1 -0.6 -0.2 0.9 -0.8 0.4 0.2 -0.1 0 0.3 -0.4 -0.2 0.2 -0.3 -0.3 0.4 -0.4 -0.5 0.1 0.9 0.6 -0.1 0 0.1 0.3 -0.3 0.4 0 0.3 -0.3 0 , 1675.5 1967.6 1029.7 1029.7 2015.3 1917.7 2278.6 1429.8 1029.7 2015.3 1535.7 1280.7 1280.7 2330.4 1687.1 1544.6 1937.7 1538 1967.6 1937.7 ,14.9283 9.1 69.064 14 69.0018 30.1 66 30 60 15 30 9 24 3 15.0629 2 , 500.9,0.75 0.75 0.75 0.75 0.75 0.75 0.75 0.75 0.75 0.75 1.26374 1.26374 1.26374 1.26374 1.26374 1.26374 0.786883 0.786883 0.786883 0.786883 ,0.5 0.5 0.5 0.5 0.5 0.5 0.5 0.5 0.5 0.5 0.609158 0.609158 0.609158 0.609158 0.609158 0.609158 0.820315 0.820315 0.820315 0.820315 ,-0.2 -0.2 -0.2 -0.2 -0.2 -0.2 -0.2 -0.2 -0.2 -0.2 -0.203663 -0.203663 -0.203663 -0.203663 -0.203663 -0.203663 0.292607 0.292607 0.292607 0.292607 ,-0.2 -0.2 -0.2 -0.2 -0.2 -0.2 -0.2 -0.2 -0.2 -0.2 -0.103663 -0.103663 -0.103663 -0.103663 -0.103663 -0.103663 -0.205562 -0.205562 -0.205562 -0.205562 ,-0.4 -0.4 -0.4 -0.4 -0.4 -0.4 -0.4 -0.4 -0.4 -0.4 -0.207326 -0.207326 -0.207326 -0.207326 -0.207326 -0.207326 -0.211124 -0.211124 -0.211124 -0.211124 ,-0.4 -0.4 -0.4 -0.4 -0.4 -0.4 -0.4 -0.4 -0.4 -0.4 -0.507326 -0.507326 -0.507326 -0.507326 -0.507326 -0.507326 -0.316618 -0.316618 -0.316618 -0.316618 ,
29,29,Patient,32.2,"A",W,G,K,-0.142654,0.461891,-0.69,0.328147,0.288177,0.0172711,Neurotic,0.94,-0.4 -0.1 0.1 -0.1 0.2 0.3 -0.3 0 0.1 -0.4 0 0 -0.5 0.1 0.2 -0.1 0.6 -0.5 0.8 0.7 0.4 0.7 -0.3 0.4 -0.1 0.2 0.4 0.3 0.2 -0.2 -0.1 0.3 -0.4 -0.3 0.2 -0.6 -0.1 0.1 -0.1 0.1 0.1 0.3 0.4 -0.4 -0.4 0.6 -0.1 0.1 0.2 -0.1 -0.6 0.1 -0.1 0.2 0 0 0.4 0.2 0.1 0.5 -0.1 0 0.3 -0.4 -0.2 0.2 0.2 -0.2 0.1 0.6 0.1 0.6 0.3 -0.2 -0.4 -0.5 -0.7 0.2 0 -0.4 -0.3 0.8 0 0 -0.4 -0.4 0.3 -0.1 0.1 -0.2 0.5 0.1 0 0.1 0.2 -0.1 -0.3 -0.3 0.4 -0.4 -0.5 0.1 -0.3 0.3 -0.1 0.6 -0.4 0.1 -0.6 -0.2 0.9 -0.8 0.4 0.2 -0.3 0.4 0 0.3 -0.3 0 , 2565 1430.4 1254.3 2216.6 1497.1 1105.8 1254.3 1365.8 1788.4 1120.5 2565 1128.5 1722.8 2565 1879.5 1758.4 1490.2 1120.5 1497.1 2216.6 ,14.9289 9.1 69.0825 14 68.9918 30.1 14.9381 35 15.0104 42.1 24 42 30 36 39.0709 35 38.9019 42.1 30 42 30 36 36 30 36 15 30 9 24 3 14.9309 2 , 500.1,0.75 0.75 0.75 0.75 0.75 0.75 0.75 0.75 0.463737 0.463737 0.463737 0.463737 0.463737 0.463737 0.463737 0.463737 0.463737 0.463737 -0.0277696 -0.0277696 ,0.5 0.5 0.5 0.5 0.5 0.5 0.5 0.5 0.509158 0.509158 0.509158 0.509158 0.509158 0.509158 0.509158 0.509158 0.509158 0.509158 0.618483 0.618483 ,-0.2 -0.2 -0.2 -0.2 -0.2 -0.2 -0.2 -0.2 -0.103663 -0.103663 -0.103663 -0.103663 -0.103663 -0.103663 -0.103663 -0.103663 -0.103663 -0.103663 0.0944382 0.0944382 ,-0.2 -0.2 -0.2 -0.2 -0.2 -0.2 -0.2 -0.2 -0.603663 -0.603663 -0.603663 -0.603663 -0.603663 -0.603663 -0.603663 -0.603663 -0.603663 -0.603663 -0.71472 -0.71472 ,-0.4 -0.4 -0.4 -0.4 -0.4 -0.4 -0.4 -0.4 -0.407326 -0.407326 -0.407326 -0.407326 -0.407326 -0.407326 -0.407326 -0.407326 -0.407326 -0.407326 0.185213 0.185213 ,-0.4 -0.4 -0.4 -0.4 -0.4 -0.4 -0.4 -0.4 -0.407326 -0.407326 -0.407326 -0.407326 -0.407326 -0.407326 -0.407326 -0.407326 -0.407326 -0.407326 -0.914787 -0.914787 ,
30,30,Patient,34.7,"A",M,N,W,-0.0504547,0.240954,0.55861,0.209201,0.168993,0.244114,Neurotic,0.69,0.9 0.6 -0.1 0 0.1 0.3 -0.4 0 0.1 0.1 0.3 -0.2 -0.3 0 0.1 -0.4 0 0 -0.3 -0.2 -0.4 0.5 0.2 -0.1 0.3 -0.2 0.4 -0.4 0.1 -0.5 -0.4 0 0.1 0.1 0.3 -0.2 -0.4 -0.1 0.1 -0.1 0.2 0.3 0.4 0.5 -0.1 0.5 0.1 -0.4 -0.5 0.2 0.5 -0.1 0 0.2 0.3 -0.3 -0.1 -0.4 0.4 0 0.1 0.4 0.5 0 0.2 0 0.2 0.1 -0.2 0.2 -0.6 0.1 -0.3 0 0.1 -0.4 0 0 0.3 0.1 -0.1 0 0.3 -0.2 -0.6 -0.2 0.9 -0.8 0.4 0.2 0.3 -0.3 -0.1 -0.4 0.4 0 0.3 -0.3 -0.1 -0.4 0.4 0 0.4 -0.4 -0.4 0.6 -0.1 0.1 0.7 -0.3 -0.4 0.4 -0.5 0.1 -0.5 0.1 0.2 -0.1 0.6 -0.5 , 662.6 2368.9 1817 1569.5 1608.8 204.3 1817 1569.5 2356.2 662.6 1235.2 204.3 2281.4 2368.9 920.6 662.6 1817 1364 662.6 1364 ,14.993 9.1 51.0919 14 50.9624 30.1 63.0189 35 62.9924 42.1 72 42 72 36 66 30 66 15 69.0601 14 69.0771 30.1 66 30 60 15 30 9 24 3 15.002 2 , 501.3,0.75 0.75 0.75 0.75 0.75 0.75 0.75 0.75 0.75 0.363737 0.363737 0.363737 0.363737 0.363737 0.363737 0.363737 0.363737 0.0703988 0.0703988 0.0703988 ,0.5 0.5 0.5 0.5 0.5 0.5 0.5 0.5 0.5 0.509158 0.509158 0.509158 0.509158 0.509158 0.509158 0.509158 0.509158 0.518483 0.518483 0.518483 ,-0.2 -0.2 -0.2 -0.2 -0.2 -0.2 -0.2 -0.2 -0.2 -0.103663 -0.103663 -0.103663 -0.103663 -0.103663 -0.103663 -0.103663 -0.103663 -0.00556178 -0.00556178 -0.00556178 ,-0.2 -0.2 -0.2 -0.2 -0.2 -0.2 -0.2 -0.2 -0.2 -0.103663 -0.103663 -0.103663 -0.103663 -0.103663 -0.103663 -0.103663 -0.103663 -0.505562 -0.505562 -0.505562 ,-0.4 -0.4 -0.4 -0.4 -0.4 -0.4 -0.4 -0.4 -0.4 -0.107326 -0.107326 -0.107326 -0.107326 -0.107326 -0.107326 -0.107326 -0.107326 -0.109292 -0.109292 -0.109292 ,-0.4 -0.4 -0.4 -0.4 -0.4 -0.4 -0.4 -0.4 -0.4 -0.607326 -0.607326 -0.607326 -0.607326 -0.607326 -0.607326 -0.607326 -0.607326 -0.61845 -0.61845 -0.61845 ,
31,31,Patient,26.0,"A",B,E,F,0.347564,0.270119,0.0629857,0.286843,0.220686,0.261796,Neurotic,0.81,-0.3 -0.3 0.4 -0.4 -0.5 0.1 0 0 0.4 0.2 0.1 0.5 0.8 0.7 0.4 0.7 -0.3 0.4 0.2 -0.2 0.1 0.6 0.1 0.6 0.1 1 0.4 -0.2 0.1 -0.4 -0.1 0.1 -0.1 0.1 0.1 0.3 -0.1 0.2 0.4 0.3 0.2 -0.2 -0.3 0.4 0 0.3 -0.3 0 0.1 0.4 0.5 0 0.2 0 0.3 -0.3 -0.1 -0.4 0.4 0 0.1 -0.1 -0.4 -0.4 0.4 0.3 0 -0.4 -0.3 0.8 0 0 0 -0.4 -0.3 0.8 0 0 -0.3 0 0.1 -0.4 0 0 -0.1 0.2 0.4 0.3 0.2 -0.2 -0.1 -0.5 0.1 0.1 0.2 -0.3 0.1 -0.4 -0.2 0.5 0.2 0.4 -0.1 0.3 -0.4 -0.3 0.2 -0.6 -0.4 -0.1 0.1 -0.1 0.2 0.3 0.4 -0.4 -0.4 0.6 -0.1 0.1 , 2613 2612.9 2163.8 2163.8 1323.5 2233.5 2108.9 2613 1883 1662.3 2613 1931.1 2233.5 1662.3 2612.9 1970.9 1807.9 2613 2115.7 1442.3 ,15.0498 9.1 54 9 62.9798 8 62.944 3.1 54 9 27.011 14 27.0543 30.1 18 30 12 15 9.04051 14 9.04402 30.1 12 30 12 15 6 9 6 3 15.0246 2 , 501.4,0.75 0.75 0.75 0.75 0.75 0.75 0.75 0.75 0.763737 0.763737 0.763737 0.763737 0.763737 1.57773 1.57773 1.57773 1.57773 1.57773 1.80662 1.80662 ,0.5 0.5 0.5 0.5 0.5 0.5 0.5 0.5 0.509158 0.509158 0.509158 0.509158 0.509158 1.21848 1.21848 1.21848 1.21848 1.21848 1.0408 1.0408 ,-0.2 -0.2 -0.2 -0.2 -0.2 -0.2 -0.2 -0.2 0.196337 0.196337 0.196337 0.196337 0.196337 0.599933 0.599933 0.599933 0.599933 0.599933 0.710921 0.710921 ,-0.2 -0.2 -0.2 -0.2 -0.2 -0.2 -0.2 -0.2 -0.00366313 -0.00366313 -0.00366313 -0.00366313 -0.00366313 0.69627 0.69627 0.69627 0.69627 0.69627 1.30902 1.30902 ,-0.4 -0.4 -0.4 -0.4 -0.4 -0.4 -0.4 -0.4 -0.307326 -0.307326 -0.307326 -0.307326 -0.307326 -0.612955 -0.612955 -0.612955 -0.612955 -0.612955 -0.524182 -0.524182 ,-0.4 -0.4 -0.4 -0.4 -0.4 -0.4 -0.4 -0.4 0.0926737 0.0926737 0.0926737 0.0926737 0.0926737 0.494371 0.494371 0.494371 0.494371 0.494371 1.10343 1.10343 ,
32,32,Personel,54.9,"A",G,K,L,0.501796,0.0269377,0.315779,0.204099,0.888502,0.284841,Neurotic,1.24,0.1 1 0.4 -0.2 0.1 -0.4 -0.2 0 0.1 0.1 -0.1 0 -0.7 0.2 0.2 0.3 0 -0.2 0.1 1 0.4 -0.2 0.1 -0.4 -0.1 0.4 -0.4 0.9 0.3 0.4 0.1 1 0.4 -0.2 0.1 -0.4 -0.1 -0.5 0.1 0.1 0.2 -0.3 -0.4 0 0.1 0.1 0.3 -0.2 0.2 0.1 -0.2 0.2 -0.6 0.1 -0.1 0.2 0.4 0.3 0.2 -0.2 0.3 0.1 -0.1 0 0.3 -0.2 -0.3 -0.2 -0.4 0.5 0.2 -0.1 -0.1 0.1 -0.1 0.1 0.1 0.3 0.2 -0.1 -0.6 0.1 -0.1 0.2 0 0 0.4 0.2 0.1 0.5 -0.3 -0.2 -0.4 0.5 0.2 -0.1 -0.2 0 0.1 0.1 -0.1 0 -0.2 0.2 -0.4 -0.4 -0.4 0.5 0.3 -0.2 0.4 -0.4 0.1 -0.5 -0.3 -0.2 -0.4 0.5 0.2 -0.1 , 2851 621.5 2214.5 1741.3 2115.1 1704.3 2162.2 901.7 2496.7 2252.8 2111.8 3134.6 1529.8 2740.5 2115.1 2411 2411 2252.8 2214.5 1741.3 ,15.0548 9.1 15.0591 35 14.9797 42.1 24 42 30 36 38.9 35 39.0215 42.1 30 42 30 36 36 30 36 15 30 9 38.9439 8 39.0691 3.1 30 3 15.0851 2 , 499.5,0.75 0.75 0.75 0.75 0.75 0.563737 0.563737 0.563737 0.563737 0.563737 0.563737 0.563737 0.563737 -0.125938 -0.125938 -0.125938 -0.125938 -0.125938 -0.125938 -0.0282447 ,0.5 0.5 0.5 0.5 0.5 0.509158 0.509158 0.509158 0.509158 0.509158 0.509158 0.509158 0.509158 0.718483 0.718483 0.718483 0.718483 0.718483 0.718483 1.73164 ,-0.2 -0.2 -0.2 -0.2 -0.2 -0.103663 -0.103663 -0.103663 -0.103663 -0.103663 -0.103663 -0.103663 -0.103663 0.0944382 0.0944382 0.0944382 0.0944382 0.0944382 0.0944382 0.496168 ,-0.2 -0.2 -0.2 -0.2 -0.2 -0.103663 -0.103663 -0.103663 -0.103663 -0.103663 -0.103663 -0.103663 -0.103663 0.194438 0.194438 0.194438 0.194438 0.194438 0.194438 -0.00200052 ,-0.4 -0.4 -0.4 -0.4 -0.4 -0.507326 -0.507326 -0.507326 -0.507326 -0.507326 -0.507326 -0.507326 -0.507326 -0.516618 -0.516618 -0.516618 -0.516618 -0.516618 -0.516618 -0.42608 ,-0.4 -0.4 -0.4 -0.4 -0.4 -0.407326 -0.407326 -0.407326 -0.407326 -0.407326 -0.407326 -0.407326 -0.407326 -0.614787 -0.614787 -0.614787 -0.614787 -0.614787 -0.614787 -1.02605 ,
33,33,Patient,46.2,"A",M,N,W,-0.142468,0.154578,0.368021,-0.089977,0.494894,0.286553,Neurotic,0.94,-0.9 0.3 0 0.3 0 -0.3 -0.1 0.1 -0.1 0.1 0.1 0.3 0.2 0.1 -0.2 0.2 -0.6 0.1 -0.4 -0.4 0.3 -0.1 0.1 -0.2 0.3 -0.2 -0.4 -0.5 -0.7 0.2 -0.3 0.4 0 0.3 -0.3 0 -0.1 -0.1 -0.6 -0.3 -0.5 -0.3 -0.1 0 0.3 -0.4 -0.2 0.2 -0.5 0.1 0.2 -0.1 0.6 -0.5 -0.4 -0.1 0.1 -0.1 0.2 0.3 -0.1 0 0.3 -0.4 -0.2 0.2 -0.4 0.3 0.1 -0.2 0.1 -0.3 0.1 -0.4 -0.2 0.5 0.2 0.4 0.2 0.1 -0.2 0.2 -0.6 0.1 -0.3 -0.5 0 -0.5 -0.2 0 -0.4 -0.1 0.1 -0.1 0.2 0.3 0.2 -0.1 -0.6 0.1 -0.1 0.2 0.4 0.5 -0.1 0.5 0.1 -0.4 -0.7 0.2 0.2 0.3 0 -0.2 -0.1 0.1 -0.1 0.1 0.1 0.3 , 2125.8 2125.8 2378.6 1891.3 1891.3 2282.5 1798.3 1798.3 2130 792.8 1839.6 1237.7 -98.9 1891.3 2001.2 1318 2378.6 1839.6 1472.8 1383.8 ,15.0244 9.1 51.0931 14 50.9552 30.1 63.0522 35 62.9205 42.1 72 42 72 36 66 30 66 15 69.0696 14 69.071 30.1 66 30 60 15 30 9 24 3 15.0847 2 , 500.6,0.75 0.75 0.75 0.75 0.75 0.75 0.75 0.75 0.663737 0.663737 0.663737 0.663737 0.875893 0.875893 0.875893 0.875893 0.875893 0.875893 0.875893 0.875893 ,0.5 0.5 0.5 0.5 0.5 0.5 0.5 0.5 0.609158 0.609158 0.609158 0.609158 0.720315 0.720315 0.720315 0.720315 0.720315 0.720315 0.720315 0.720315 ,-0.2 -0.2 -0.2 -0.2 -0.2 -0.2 -0.2 -0.2 -0.303663 -0.303663 -0.303663 -0.303663 -0.509225 -0.509225 -0.509225 -0.509225 -0.509225 -0.509225 -0.509225 -0.509225 ,-0.2 -0.2 -0.2 -0.2 -0.2 -0.2 -0.2 -0.2 -0.103663 -0.103663 -0.103663 -0.103663 0.0944382 0.0944382 0.0944382 0.0944382 0.0944382 0.0944382 0.0944382 0.0944382 ,-0.4 -0.4 -0.4 -0.4 -0.4 -0.4 -0.4 -0.4 -0.307326 -0.307326 -0.307326 -0.307326 -0.912955 -0.912955 -0.912955 -0.912955 -0.912955 -0.912955 -0.912955 -0.912955 ,-0.4 -0.4 -0.4 -0.4 -0.4 -0.4 -0.4 -0.4 -0.107326 -0.107326 -0.107326 -0.107326 -0.009292 -0.009292 -0.009292 -0.009292 -0.009292 -0.009292 -0.009292 -0.009292 ,
34,34,Personel,41.1,"A",B,E,F,0.20708,0.193083,0.50014,0.670154,0.273235,0.631725,Neurotic,1.24,-0.1 -0.1 -0.6 -0.3 -0.5 -0.3 -0.1 0.2 0.4 0.3 0.2 -0.2 -0.3 -0.4 0.2 0 -0.2 -0.4 -0.1 0.3 -0.4 -0.3 0.2 -0.6 -0.3 -0.3 0.4 -0.4 -0.5 0.1 0.4 -0.4 -0.4 0.6 -0.1 0.1 0.1 -0.1 -0.3 -0.1 0.1 -0.2 0.3 -0.3 -0.1 -0.4 0.4 0 0.1 0.4 0.5 0 0.2 0 -0.3 -0.2 -0.4 0.5 0.2 -0.1 0.5 0.2 0.1 0 0.4 -0.2 0 -0.4 -0.3 0.8 0 0 -0.1 0.4 -0.4 0.9 0.3 0.4 0.2 -0.2 0.1 0.6 0.1 0.6 -0.5 0.1 0.2 -0.1 0.6 -0.5 0.5 -0.3 -0.4 -0.4 -0.1 -0.2 -0.2 0.2 -0.4 -0.4 -0.4 0.5 0.2 -0.2 0.1 0.6 0.1 0.6 0.1 -0.4 -0.2 0.5 0.2 0.4 0.5 -0.3 -0.4 -0.4 -0.1 -0.2 , 1322.2 1175.5 1284.3 1777 1844.9 2593.1 3135.8 2345 1546.4 1632 1837 802.8 2492.7 2345 1284.3 1284.3 1175.5 2170.7 1218 1632 ,14.9357 9.1 54 9 62.9765 8 63.0546 3.1 54 9 26.935 14 27.0339 30.1 18 30 12 15 9.00858 14 9.0323 30.1 12 30 12 15 6 9 6 3 14.9223 2 , 497.1,0.75 0.75 0.75 0.75 0.75 0.75 0.75 0.663737 0.663737 0.663737 0.663737 0.375893 0.375893 0.375893 0.375893 0.375893 0.375893 0.282778 0.282778 0.282778 ,0.5 0.5 0.5 0.5 0.5 0.5 0.5 0.709158 0.709158 0.709158 0.709158 0.322146 0.322146 0.322146 0.322146 0.322146 0.322146 0.628047 0.628047 0.628047 ,-0.2 -0.2 -0.2 -0.2 -0.2 -0.2 -0.2 0.196337 0.196337 0.196337 0.196337 0.399933 0.399933 0.399933 0.399933 0.399933 0.399933 0.00725793 0.00725793 0.00725793 ,-0.2 -0.2 -0.2 -0.2 -0.2 -0.2 -0.2 0.0963369 0.0963369 0.0963369 0.0963369 0.0981013 0.0981013 0.0981013 0.0981013 0.0981013 0.0981013 -0.200102 -0.200102 -0.200102 ,-0.4 -0.4 -0.4 -0.4 -0.4 -0.4 -0.4 -0.207326 -0.207326 -0.207326 -0.207326 -0.411124 -0.411124 -0.411124 -0.411124 -0.411124 -0.411124 -0.218654 -0.218654 -0.218654 ,-0.4 -0.4 -0.4 -0.4 -0.4 -0.4 -0.4 -0.607326 -0.607326 -0.607326 -0.607326 -1.01845 -1.01845 -1.01845 -1.01845 -1.01845 -1.01845 -1.6371 -1.6371 -1.6371 ,
35,35,Patient,73.9,"A",G,K,L,-0.213133,-0.249634,-0.683664,-0.458494,-0.166235,0.0262943,Neurotic,0.81,-0.2 0.2 -0.4 -0.4 -0.4 0.5 0.2 -0.1 -0.6 0.1 -0.1 0.2 0.3 -0.7 -0.2 0.6 -0.1 0.3 -0.5 0.2 0.5 -0.1 0 0.2 -0.4 0.3 0.1 -0.2 0.1 -0.3 0.5 -0.3 -0.4 -0.4 -0.1 -0.2 0 -0.4 -0.3 0.8 0 0 -0.1 0.4 -0.4 0.9 0.3 0.4 -0.2 0.2 -0.4 -0.4 -0.4 0.5 0.7 -0.3 -0.4 0.4 -0.5 0.1 -0.4 -0.4 0.3 -0.1 0.1 -0.2 0.2 -0.1 -0.6 0.1 -0.1 0.2 0.1 1 0.4 -0.2 0.1 -0.4 -0.1 -0.5 0.1 0.1 0.2 -0.3 0.4 -0.4 -0.4 0.6 -0.1 0.1 -0.3 -0.2 -0.4 0.5 0.2 -0.1 -0.3 0 0.1 -0.4 0 0 0.1 1 0.4 -0.2 0.1 -0.4 0.1 -0.4 -0.2 0.5 0.2 0.4 -0.5 0.1 0.2 -0.1 0.6 -0.5 , 2069.1 3339.5 1664.8 1457 1902.5 2328.4 1664.8 1596.2 2504.2 1254.5 1254.5 2504.2 1664.8 2027.7 2935.3 2069.1 1388 871.3 3107.6 1596.2 ,14.967 9.1 14.996 35 14.9149 42.1 24 42 30 36 38.939 35 39.0733 42.1 48 42 48 36 42 30 42 15 48 9 38.9833 8 39.0146 3.1 30 3 15.0512 2 , 499,0.75 0.75 0.75 0.75 0.75 0.963737 0.963737 0.963737 0.963737 0.963737 0.963737 0.963737 0.963737 1.28139 1.28139 1.28139 1.28139 1.28139 1.28139 0.804858 ,0.5 0.5 0.5 0.5 0.5 0.409158 0.409158 0.409158 0.409158 0.409158 0.409158 0.409158 0.409158 -0.283348 -0.283348 -0.283348 -0.283348 -0.283348 -0.283348 -0.0885379 ,-0.2 -0.2 -0.2 -0.2 -0.2 -0.803663 -0.803663 -0.803663 -0.803663 -0.803663 -0.803663 -0.803663 -0.803663 -1.01838 -1.01838 -1.01838 -1.01838 -1.01838 -1.01838 -0.537035 ,-0.2 -0.2 -0.2 -0.2 -0.2 -0.103663 -0.103663 -0.103663 -0.103663 -0.103663 -0.103663 -0.103663 -0.103663 0.494438 0.494438 0.494438 0.494438 0.494438 0.494438 0.403494 ,-0.4 -0.4 -0.4 -0.4 -0.4 -0.507326 -0.507326 -0.507326 -0.507326 -0.507326 -0.507326 -0.507326 -0.507326 -0.616618 -0.616618 -0.616618 -0.616618 -0.616618 -0.616618 -0.627912 ,-0.4 -0.4 -0.4 -0.4 -0.4 -0.207326 -0.207326 -0.207326 -0.207326 -0.207326 -0.207326 -0.207326 -0.207326 0.0888764 0.0888764 0.0888764 0.0888764 0.0888764 0.0888764 0.290504 ,
36,36,Patient,66.5,"A",M,N,W,-0.0993901,-0.276587,-0.303083,-0.502484,-0.493365,-0.241577,Neurotic,0.52,0.4 0.5 -0.1 0.5 0.1 -0.4 -0.3 0.4 0 0.3 -0.3 0 0.1 1 0.4 -0.2 0.1 -0.4 0.1 1 0.4 -0.2 0.1 -0.4 -0.2 0 0.1 0.1 -0.1 0 -0.1 0.2 0.4 0.3 0.2 -0.2 0.3 -0.2 0.4 -0.4 0.1 -0.5 -0.4 -0.4 0.3 -0.1 0.1 -0.2 0.1 -0.4 -0.2 0.5 0.2 0.4 0.1 0.4 0.5 0 0.2 0 0.8 0.7 0.4 0.7 -0.3 0.4 0.3 -0.3 0.3 0.2 -0.3 -0.3 -0.1 0.4 -0.4 0.9 0.3 0.4 -0.1 0.4 -0.4 0.9 0.3 0.4 0.7 -0.3 -0.4 0.4 -0.5 0.1 -0.3 0.4 0 0.3 -0.3 0 0.1 1 0.4 -0.2 0.1 -0.4 -0.1 0.4 -0.4 0.9 0.3 0.4 -0.3 -0.4 0.2 0 -0.2 -0.4 -0.9 0.3 0 0.3 0 -0.3 , 2288.4 1101.1 2268.6 1731.7 2106.8 2267.1 1885.8 2021.1 2267.1 2730.8 2288.4 2021.1 645.4 1783.2 1824 1885.8 1885.8 1885.8 1783.2 2021.1 ,14.9777 9.1 50.9587 14 51.0661 30.1 63.0238 35 62.9066 42.1 72 42 72 36 66 30 66 15 69.0789 14 68.9353 30.1 66 30 60 15 30 9 24 3 14.9592 2 , 500.8,0.75 0.75 0.75 0.75 0.75 0.75 0.75 0.75 0.463737 0.463737 0.463737 0.463737 0.463737 0.57223 0.57223 0.57223 0.57223 0.57223 0.57223 0.57223 ,0.5 0.5 0.5 0.5 0.5 0.5 0.5 0.5 0.909158 0.909158 0.909158 0.909158 0.909158 1.92581 1.92581 1.92581 1.92581 1.92581 1.92581 1.92581 ,-0.2 -0.2 -0.2 -0.2 -0.2 -0.2 -0.2 -0.2 -0.203663 -0.203663 -0.203663 -0.203663 -0.203663 0.192607 0.192607 0.192607 0.192607 0.192607 0.192607 0.192607 ,-0.2 -0.2 -0.2 -0.2 -0.2 -0.2 -0.2 -0.2 0.0963369 0.0963369 0.0963369 0.0963369 0.0963369 -0.101899 -0.101899 -0.101899 -0.101899 -0.101899 -0.101899 -0.101899 ,-0.4 -0.4 -0.4 -0.4 -0.4 -0.4 -0.4 -0.4 -0.707326 -0.707326 -0.707326 -0.707326 -0.707326 -0.620281 -0.620281 -0.620281 -0.620281 -0.620281 -0.620281 -0.620281 ,-0.4 -0.4 -0.4 -0.4 -0.4 -0.4 -0.4 -0.4 -0.407326 -0.407326 -0.407326 -0.407326 -0.407326 -0.814787 -0.814787 -0.814787 -0.814787 -0.814787 -0.814787 -0.814787 ,
37,37,Personel,47.4,"A",B,E,F,0.378401,0.599327,0.579922,0.186215,0.572717,0.176385,Neurotic,1.24,-0.4 -0.4 0.3 -0.1 0.1 -0.2 -0.4 0.3 0.1 -0.2 0.1 -0.3 0.1 -0.1 -0.4 -0.4 0.4 0.3 0.5 -0.3 -0.4 -0.4 -0.1 -0.2 0 0 0.4 0.2 0.1 0.5 0.3 0.1 -0.1 0 0.3 -0.2 0.3 -0.3 -0.1 -0.4 0.4 0 0.3 0.1 -0.1 0 0.3 -0.2 0.5 -0.3 -0.4 -0.4 -0.1 -0.2 -0.4 -0.1 0.1 -0.1 0.2 0.3 -0.6 -0.2 0.9 -0.8 0.4 0.2 0 0 0.4 0.2 0.1 0.5 0.3 -0.2 0.2 -0.1 -0.3 -0.1 0.1 -0.1 -0.3 -0.1 0.1 -0.2 0.3 0.1 -0.1 0 0.3 -0.2 0 -0.4 -0.3 0.8 0 0 0.4 0.5 -0.1 0.5 0.1 -0.4 -0.1 0.1 -0.1 0.1 0.1 0.3 0.3 -0.2 0.2 -0.1 -0.3 -0.1 0.3 -0.2 -0.4 -0.5 -0.7 0.2 , 1614.8 1614.8 1760.7 2265 1614.8 1760.7 1614.8 2051.4 2035.2 2727.8 1539.9 1974.4 2697.2 1651.6 1370.7 1539.9 1651.6 1760.7 2697.2 1539.1 ,15.0315 9.1 54 9 63.0242 8 62.9882 3.1 54 9 27.0989 14 26.9585 30.1 18 30 12 15 8.97904 14 9.03914 30.1 12 30 12 15 6 9 6 3 15.0021 2 , 500.1,0.75 0.75 0.75 0.75 0.75 0.75 0.75 0.75 0.363737 0.363737 0.363737 0.363737 0.363737 0.470399 0.470399 0.470399 0.470399 0.470399 0.470399 0.470399 ,0.5 0.5 0.5 0.5 0.5 0.5 0.5 0.5 0.809158 0.809158 0.809158 0.809158 0.809158 0.723978 0.723978 0.723978 0.723978 0.723978 0.723978 0.723978 ,-0.2 -0.2 -0.2 -0.2 -0.2 -0.2 -0.2 -0.2 -0.103663 -0.103663 -0.103663 -0.103663 -0.103663 -0.505562 -0.505562 -0.505562 -0.505562 -0.505562 -0.505562 -0.505562 ,-0.2 -0.2 -0.2 -0.2 -0.2 -0.2 -0.2 -0.2 -0.403663 -0.403663 -0.403663 -0.403663 -0.403663 -0.811056 -0.811056 -0.811056 -0.811056 -0.811056 -0.811056 -0.811056 ,-0.4 -0.4 -0.4 -0.4 -0.4 -0.4 -0.4 -0.4 -0.307326 -0.307326 -0.307326 -0.307326 -0.307326 0.0870449 0.0870449 0.0870449 0.0870449 0.0870449 0.0870449 0.0870449 ,-0.4 -0.4 -0.4 -0.4 -0.4 -0.4 -0.4 -0.4 -0.707326 -0.707326 -0.707326 -0.707326 -0.707326 -0.420281 -0.420281 -0.420281 -0.420281 -0.420281 -0.420281 -0.420281 ,
38,38,Personel,37.0,"A",G,K,L,0.342904,0.309475,0.439945,0.495892,0.128363,0.254754,Neurotic,1.24,0.3 -0.3 0.3 0.2 -0.3 -0.3 -0.3 0.3 -0.1 0.6 -0.4 0.1 0.3 -0.7 -0.2 0.6 -0.1 0.3 0.8 0.7 0.4 0.7 -0.3 0.4 0.3 -0.7 -0.2 0.6 -0.1 0.3 0.5 0.1 0 0.1 0.2 -0.1 -0.9 0.3 0 0.3 0 -0.3 -0.3 -0.2 -0.4 0.5 0.2 -0.1 0.1 -0.4 -0.2 0.5 0.2 0.4 -0.3 -0.3 0.4 -0.4 -0.5 0.1 0.3 -0.2 0.2 -0.1 -0.3 -0.1 0.3 -0.2 0.4 -0.4 0.1 -0.5 -0.2 0.2 -0.4 -0.4 -0.4 0.5 -0.4 -0.1 0.1 -0.1 0.2 0.3 0.3 -0.2 0.2 -0.1 -0.3 -0.1 -0.5 0.1 0.2 -0.1 0.6 -0.5 0.5 0.1 0 0.1 0.2 -0.1 -0.2 0 0.1 0.1 -0.1 0 0.3 -0.3 0.3 0.2 -0.3 -0.3 0.3 -0.3 0.3 0.2 -0.3 -0.3 , 1359.1 889.4 2308.2 1211.4 2308.2 1787.4 1211.4 1637.3 2308.2 2397.6 1228.3 876.9 2397.6 1228.3 1228.3 2040.8 2308.2 1211.4 2308.2 2040.8 ,15.0354 9.1 14.9511 35 14.9163 42.1 24 42 30 36 39.0921 35 39.0512 42.1 30 42 30 36 36 30 36 15 30 9 38.9479 8 39.0615 3.1 30 3 15.0927 2 , 501.6,0.75 0.75 0.75 0.75 0.75 0.75 0.75 0.463737 0.463737 0.463737 0.463737 0.463737 0.463737 0.463737 0.463737 0.77223 0.77223 0.77223 0.77223 0.77223 ,0.5 0.5 0.5 0.5 0.5 0.5 0.5 0.809158 0.809158 0.809158 0.809158 0.809158 0.809158 0.809158 0.809158 0.123978 0.123978 0.123978 0.123978 0.123978 ,-0.2 -0.2 -0.2 -0.2 -0.2 -0.2 -0.2 -0.303663 -0.303663 -0.303663 -0.303663 -0.303663 -0.303663 -0.303663 -0.303663 -0.509225 -0.509225 -0.509225 -0.509225 -0.509225 ,-0.2 -0.2 -0.2 -0.2 -0.2 -0.2 -0.2 0.396337 0.396337 0.396337 0.396337 0.396337 0.396337 0.396337 0.396337 1.0036 1.0036 1.0036 1.0036 1.0036 ,-0.4 -0.4 -0.4 -0.4 -0.4 -0.4 -0.4 -0.807326 -0.807326 -0.807326 -0.807326 -0.807326 -0.807326 -0.807326 -0.807326 -0.922113 -0.922113 -0.922113 -0.922113 -0.922113 ,-0.4 -0.4 -0.4 -0.4 -0.4 -0.4 -0.4 -0.307326 -0.307326 -0.307326 -0.307326 -0.307326 -0.307326 -0.307326 -0.307326 -0.0129551 -0.0129551 -0.0129551 -0.0129551 -0.0129551 ,
39,39,Personel,55.9,"A",M,N,W,0.0241595,0.139479,-0.033549,0.274583,0.491028,0.236722,Neurotic,2.48,-0.2 0.2 -0.4 -0.4 -0.4 0.5 -0.4 0.3 0.1 -0.2 0.1 -0.3 0.7 -0.3 -0.4 0.4 -0.5 0.1 -0.1 0.1 -0.1 0.1 0.1 0.3 0.3 -0.3 0.3 0.2 -0.3 -0.3 -0.1 0 0.3 -0.4 -0.2 0.2 0.1 -0.1 -0.4 -0.4 0.4 0.3 -0.5 0.2 0.5 -0.1 0 0.2 -0.3 -0.5 0 -0.5 -0.2 0 0.5 0.2 0.1 0 0.4 -0.2 0.1 -0.4 -0.2 0.5 0.2 0.4 -0.2 0.2 -0.4 -0.4 -0.4 0.5 -0.3 -0.4 0.2 0 -0.2 -0.4 0.3 -0.7 -0.2 0.6 -0.1 0.3 0.2 0.1 -0.2 0.2 -0.6 0.1 -0.1 -0.1 -0.6 -0.3 -0.5 -0.3 -0.1 -0.5 0.1 0.1 0.2 -0.3 0.3 -0.2 0.2 -0.1 -0.3 -0.1 -0.6 -0.2 0.9 -0.8 0.4 0.2 -0.6 -0.2 0.9 -0.8 0.4 0.2 , 2463 1303.6 2216 1799.1 1052.6 1303.6 1303.6 1541.6 969.5 2463 2362.3 2362.3 1052.6 1303.6 2021.3 539 969.5 2021.3 2292.3 2216 ,15.0559 9.1 50.9221 14 51.0404 30.1 62.9385 35 62.9519 42.1 72 42 72 36 66 30 66 15 68.9751 14 68.9395 30.1 66 30 60 15 30 9 24 3 15.0179 2 , 497.5,0.75 0.75 0.75 0.75 0.75 0.75 0.363737 0.363737 0.363737 0.363737 0.363737 0.363737 1.0704 1.0704 1.0704 1.0704 0.990004 0.990004 0.990004 0.990004 ,0.5 0.5 0.5 0.5 0.5 0.5 0.809158 0.809158 0.809158 0.809158 0.809158 0.809158 0.523978 0.523978 0.523978 0.523978 0.633575 0.633575 0.633575 0.633575 ,-0.2 -0.2 -0.2 -0.2 -0.2 -0.2 -0.103663 -0.103663 -0.103663 -0.103663 -0.103663 -0.103663 -0.505562 -0.505562 -0.505562 -0.505562 -0.614821 -0.614821 -0.614821 -0.614821 ,-0.2 -0.2 -0.2 -0.2 -0.2 -0.2 -0.403663 -0.403663 -0.403663 -0.403663 -0.403663 -0.403663 -0.0110565 -0.0110565 -0.0110565 -0.0110565 0.088741 0.088741 0.088741 0.088741 ,-0.4 -0.4 -0.4 -0.4 -0.4 -0.4 -0.307326 -0.307326 -0.307326 -0.307326 -0.307326 -0.307326 -0.812955 -0.812955 -0.812955 -0.812955 -0.727845 -0.727845 -0.727845 -0.727845 ,-0.4 -0.4 -0.4 -0.4 -0.4 -0.4 -0.707326 -0.707326 -0.707326 -0.707326 -0.707326 -0.707326 -0.620281 -0.620281 -0.620281 -0.620281 -0.331642 -0.331642 -0.331642 -0.331642 ,
40,40,Visitor,67.2,"A",B,N/A,N/A,-0.301622,-0.3355,-0.181317,-0.571157,-0.255672,-0.475405,Neurotic,2.48,0.3 -0.7 -0.2 0.6 -0.1 0.3 -0.3 0 0.1 -0.4 0 0 0.1 -0.4 -0.2 0.5 0.2 0.4 -0.1 0.1 -0.1 0.1 0.1 0.3 0.9 0.6 -0.1 0 0.1 0.3 0.3 -0.3 -0.1 -0.4 0.4 0 0.8 0.7 0.4 0.7 -0.3 0.4 -0.4 0.3 0.1 -0.2 0.1 -0.3 -0.1 -0.5 0.1 0.1 0.2 -0.3 0.3 -0.7 -0.2 0.6 -0.1 0.3 -0.1 0.4 -0.4 0.9 0.3 0.4 -0.4 0 0.1 0.1 0.3 -0.2 0.3 -0.7 -0.2 0.6 -0.1 0.3 0.4 -0.4 -0.4 0.6 -0.1 0.1 0.3 -0.7 -0.2 0.6 -0.1 0.3 0.5 0.2 0.1 0 0.4 -0.2 -0.1 0.4 -0.4 0.9 0.3 0.4 -0.2 0.2 -0.4 -0.4 -0.4 0.5 -0.1 0.1 -0.1 0.1 0.1 0.3 0.4 -0.4 -0.4 0.6 -0.1 0.1 , 1190.1 2168.4 1822.2 1790 790.4 967.8 1822.2 1902.1 1822.2 1938.2 967.8 2329.9 1902.1 790.4 967.8 2120.9 2289.9 967.8 3082.7 2157 ,14.9474 9.1 54 9 63.0689 8 62.9173 3.1 54 3 14.9518 2 , 501.1,0.75 0.75 0.75 0.75 0.75 0.75 0.75 0.463737 0.463737 0.463737 0.463737 0.463737 0.463737 0.463737 0.463737 0.57223 0.57223 0.57223 0.57223 0.57223 ,0.5 0.5 0.5 0.5 0.5 0.5 0.5 0.509158 0.509158 0.509158 0.509158 0.509158 0.509158 0.509158 0.509158 0.118483 0.118483 0.118483 0.118483 0.118483 ,-0.2 -0.2 -0.2 -0.2 -0.2 -0.2 -0.2 -0.103663 -0.103663 -0.103663 -0.103663 -0.103663 -0.103663 -0.103663 -0.103663 -0.305562 -0.305562 -0.305562 -0.305562 -0.305562 ,-0.2 -0.2 -0.2 -0.2 -0.2 -0.2 -0.2 -0.603663 -0.603663 -0.603663 -0.603663 -0.603663 -0.603663 -0.603663 -0.603663 -0.11472 -0.11472 -0.11472 -0.11472 -0.11472 ,-0.4 -0.4 -0.4 -0.4 -0.4 -0.4 -0.4 -0.407326 -0.407326 -0.407326 -0.407326 -0.407326 -0.407326 -0.407326 -0.407326 -0.214787 -0.214787 -0.214787 -0.214787 -0.214787 ,-0.4 -0.4 -0.4 -0.4 -0.4 -0.4 -0.4 -0.407326 -0.407326 -0.407326 -0.407326 -0.407326 -0.407326 -0.407326 -0.407326 -0.0147867 -0.0147867 -0.0147867 -0.0147867 -0.0147867 ,
41,41,Patient,68.6,"A",E,F,G,-0.207032,-0.451295,-0.427472,-0.401908,-0.221682,-0.192984,Neurotic,0.94,0.1 0.4 0.5 0 0.2 0 -0.2 0 0.1 0.1 -0.1 0 0.5 -0.3 -0.4 -0.4 -0.1 -0.2 -0.2 0.2 -0.4 -0.4 -0.4 0.5 -0.4 0.3 0.1 -0.2 0.1 -0.3 -0.5 0.2 0.5 -0.1 0 0.2 -0.3 -0.5 0 -0.5 -0.2 0 -0.3 -0.2 -0.4 0.5 0.2 -0.1 0.3 0.1 -0.1 0 0.3 -0.2 -0.1 0.2 0.4 0.3 0.2 -0.2 0.2 -0.1 -0.6 0.1 -0.1 0.2 0.3 -0.2 0.2 -0.1 -0.3 -0.1 0.2 -0.1 -0.6 0.1 -0.1 0.2 0.3 -0.3 -0.1 -0.4 0.4 0 0.3 -0.7 -0.2 0.6 -0.1 0.3 -0.1 -0.5 0.1 0.1 0.2 -0.3 0.5 0.1 0 0.1 0.2 -0.1 -0.9 0.3 0 0.3 0 -0.3 -0.9 0.3 0 0.3 0 -0.3 0.5 0.2 0.1 0 0.4 -0.2 , 1002.1 2273.9 2371 1784.2 1385.1 2741.5 1784.2 1049.6 1385.1 1049.6 1049.6 1784.2 1923.4 2552.4 702.5 2552.4 2741.5 1433.7 2273.9 1317.8 ,14.9724 9.1 27.0419 14 26.9798 30.1 18 30 12 15 9.01057 14 8.9606 30.1 15.09 35 15.0588 42.1 24 42 24 36 18 30 18 15 24 9 24 3 14.9585 2 , 500,0.75 0.75 0.75 0.75 0.75 0.75 0.75 0.75 0.75 0.563737 0.563737 0.563737 0.563737 0.563737 1.07406 1.07406 1.07406 1.07406 1.07406 1.07406 ,0.5 0.5 0.5 0.5 0.5 0.5 0.5 0.5 0.5 0.509158 0.509158 0.509158 0.509158 0.509158 0.218483 0.218483 0.218483 0.218483 0.218483 0.218483 ,-0.2 -0.2 -0.2 -0.2 -0.2 -0.2 -0.2 -0.2 -0.2 -0.103663 -0.103663 -0.103663 -0.103663 -0.103663 -0.505562 -0.505562 -0.505562 -0.505562 -0.505562 -0.505562 ,-0.2 -0.2 -0.2 -0.2 -0.2 -0.2 -0.2 -0.2 -0.2 -0.103663 -0.103663 -0.103663 -0.103663 -0.103663 -0.505562 -0.505562 -0.505562 -0.505562 -0.505562 -0.505562 ,-0.4 -0.4 -0.4 -0.4 -0.4 -0.4 -0.4 -0.4 -0.4 -0.507326 -0.507326 -0.507326 -0.507326 -0.507326 -0.616618 -0.616618 -0.616618 -0.616618 -0.616618 -0.616618 ,-0.4 -0.4 -0.4 -0.4 -0.4 -0.4 -0.4 -0.4 -0.4 -0.407326 -0.407326 -0.407326 -0.407326 -0.407326 -0.614787 -0.614787 -0.614787 -0.614787 -0.614787 -0.614787 ,
42,42,Patient,53.0,"A",K,L,M,-0.46171,-0.496377,-0.303146,-0.266616,-0.392461,-0.639873,Neurotic,0.52,0.2 -0.1 -0.6 0.1 -0.1 0.2 0.3 -0.2 -0.4 -0.5 -0.7 0.2 0.8 0.7 0.4 0.7 -0.3 0.4 -0.1 0 0.3 -0.4 -0.2 0.2 0.9 0.6 -0.1 0 0.1 0.3 0.3 -0.7 -0.2 0.6 -0.1 0.3 0.4 0.5 -0.1 0.5 0.1 -0.4 -0.7 0.2 0.2 0.3 0 -0.2 0.3 -0.2 0.2 -0.1 -0.3 -0.1 -0.1 -0.1 -0.6 -0.3 -0.5 -0.3 -0.4 0 0.1 0.1 0.3 -0.2 0.3 -0.3 -0.1 -0.4 0.4 0 -0.4 0 0.1 0.1 0.3 -0.2 0.1 -0.4 -0.2 0.5 0.2 0.4 0.1 -0.1 -0.4 -0.4 0.4 0.3 0.3 0.1 -0.1 0 0.3 -0.2 0.2 -0.1 -0.6 0.1 -0.1 0.2 0.1 0.4 0.5 0 0.2 0 0.5 -0.3 -0.4 -0.4 -0.1 -0.2 0.1 1 0.4 -0.2 0.1 -0.4 , 1195.5 2414.6 2407.2 1421 1265.1 1462.6 1353.6 1421 1421 1595.1 1171.2 900.3 900.3 1353.6 1229.5 2426.8 1265.1 1738.3 564.6 2426.8 ,14.914 9.1 36 15 39.0326 35 39.0595 42.1 30 42 30 36 36 30 36 15 30 9 38.9107 8 38.908 3.1 48 9 50.9976 14 51.0875 30.1 42 30 36 15 30 9 24 3 15.0681 2 , 499.3,0.75 0.75 0.75 0.75 0.75 0.75 1.06374 1.06374 1.06374 1.06374 1.06374 1.06374 1.06374 1.88322 1.88322 1.88322 1.88322 1.88322 1.88322 1.88322 ,0.5 0.5 0.5 0.5 0.5 0.5 0.309158 0.309158 0.309158 0.309158 0.309158 0.309158 0.309158 1.01482 1.01482 1.01482 1.01482 1.01482 1.01482 1.01482 ,-0.2 -0.2 -0.2 -0.2 -0.2 -0.2 -0.603663 -0.603663 -0.603663 -0.603663 -0.603663 -0.603663 -0.603663 -0.21472 -0.21472 -0.21472 -0.21472 -0.21472 -0.21472 -0.21472 ,-0.2 -0.2 -0.2 -0.2 -0.2 -0.2 -0.703663 -0.703663 -0.703663 -0.703663 -0.703663 -0.703663 -0.703663 -0.0165512 -0.0165512 -0.0165512 -0.0165512 -0.0165512 -0.0165512 -0.0165512 ,-0.4 -0.4 -0.4 -0.4 -0.4 -0.4 -1.10733 -1.10733 -1.10733 -1.10733 -1.10733 -1.10733 -1.10733 -1.42761 -1.42761 -1.42761 -1.42761 -1.42761 -1.42761 -1.42761 ,-0.4 -0.4 -0.4 -0.4 -0.4 -0.4 -0.207326 -0.207326 -0.207326 -0.207326 -0.207326 -0.207326 -0.207326 0.188876 0.188876 0.188876 0.188876 0.188876 0.188876 0.188876 ,
43,43,Personel,31.3,"A",N,W,B,0.449512,0.646433,0.56981,0.229428,0.226725,0.890585,Neurotic,1.24,0.5 0.2 0.1 0 0.4 -0.2 0 0 0.4 0.2 0.1 0.5 0.4 0.5 -0.1 0.5 0.1 -0.4 0.2 -0.2 0.1 0.6 0.1 0.6 -0.3 0 0.1 -0.4 0 0 -0.3 -0.4 0.2 0 -0.2 -0.4 -0.3 0.4 0 0.3 -0.3 0 -0.1 -0.5 0.1 0.1 0.2 -0.3 -0.1 -0.1 -0.6 -0.3 -0.5 -0.3 -0.1 -0.1 -0.6 -0.3 -0.5 -0.3 0 0 0.4 0.2 0.1 0.5 0.2 -0.1 -0.6 0.1 -0.1 0.2 0.5 -0.3 -0.4 -0.4 -0.1 -0.2 -0.3 -0.2 -0.4 0.5 0.2 -0.1 0.1 -0.1 -0.4 -0.4 0.4 0.3 0.3 -0.2 0.2 -0.1 -0.3 -0.1 -0.4 -0.4 0.3 -0.1 0.1 -0.2 0.1 0.4 0.5 0 0.2 0 0.3 -0.3 -0.1 -0.4 0.4 0 0.1 -0.1 -0.3 -0.1 0.1 -0.2 , 1637.1 1812.4 1505 1596.9 871.2 1016.8 1624 1905.7 1650.3 1624 1505 2048.6 1688.2 3147.3 1855.1 3147.3 1650.3 1624 1016.8 1855.1 ,14.9453 9.1 36 15 42 30 62.9738 35 62.9236 42.1 72 42 72 36 66 30 66 15 69.0357 14 69.058 30.1 66 30 66 15 72 9 63.0115 8 62.9328 3.1 54 3 14.9552 2 , 499.8,0.75 0.75 0.75 0.75 0.75 0.763737 0.763737 0.763737 0.763737 0.763737 1.17773 1.17773 1.17773 1.17773 1.17773 1.17773 1.17773 1.17773 1.17773 1.17773 ,0.5 0.5 0.5 0.5 0.5 0.509158 0.509158 0.509158 0.509158 0.509158 1.01848 1.01848 1.01848 1.01848 1.01848 1.01848 1.01848 1.01848 1.01848 1.01848 ,-0.2 -0.2 -0.2 -0.2 -0.2 0.196337 0.196337 0.196337 0.196337 0.196337 0.0999329 0.0999329 0.0999329 0.0999329 0.0999329 0.0999329 0.0999329 0.0999329 0.0999329 0.0999329 ,-0.2 -0.2 -0.2 -0.2 -0.2 -0.00366313 -0.00366313 -0.00366313 -0.00366313 -0.00366313 0.49627 0.49627 0.49627 0.49627 0.49627 0.49627 0.49627 0.49627 0.49627 0.49627 ,-0.4 -0.4 -0.4 -0.4 -0.4 -0.307326 -0.307326 -0.307326 -0.307326 -0.307326 -0.212955 -0.212955 -0.212955 -0.212955 -0.212955 -0.212955 -0.212955 -0.212955 -0.212955 -0.212955 ,-0.4 -0.4 -0.4 -0.4 -0.4 0.0926737 0.0926737 0.0926737 0.0926737 0.0926737 -0.305629 -0.305629 -0.305629 -0.305629 -0.305629 -0.305629 -0.305629 -0.305629 -0.305629 -0.305629 ,
44,44,Patient,49.0,"A",E,F,G,-0.389346,-0.775665,-0.282222,-0.171042,-0.255204,-0.638118,Neurotic,0.52,-0.5 0.1 0.2 -0.1 0.6 -0.5 0.3 -0.2 0.4 -0.4 0.1 -0.5 0 0 0.4 0.2 0.1 0.5 0.1 -0.1 -0.4 -0.4 0.4 0.3 -0.2 0 0.1 0.1 -0.1 0 0.4 -0.4 -0.4 0.6 -0.1 0.1 0.3 -0.2 -0.4 -0.5 -0.7 0.2 -0.4 -0.1 0.1 -0.1 0.2 0.3 0.1 -0.1 -0.4 -0.4 0.4 0.3 -0.1 0.3 -0.4 -0.3 0.2 -0.6 0.7 -0.3 -0.4 0.4 -0.5 0.1 -0.1 0 0.3 -0.4 -0.2 0.2 -0.4 0 0.1 0.1 0.3 -0.2 -0.2 0.2 -0.4 -0.4 -0.4 0.5 0.2 0.1 -0.2 0.2 -0.6 0.1 -0.1 0.3 -0.4 -0.3 0.2 -0.6 0.3 -0.3 0.3 0.2 -0.3 -0.3 -0.7 0.2 0.2 0.3 0 -0.2 0.8 0.7 0.4 0.7 -0.3 0.4 0.5 0.2 0.1 0 0.4 -0.2 , 2134 889 2540.9 2134 1267.3 2540.9 100.1 2760.1 2017.4 2017.4 2157.8 2342.4 1667.6 100.1 751.3 2477 1448.5 2017.4 889 1424.1 ,15.0663 9.1 27.0506 14 27.0685 30.1 18 30 12 15 9.0411 14 8.99637 30.1 15.084 35 14.9793 42.1 24 42 24 36 18 30 18 15 24 9 24 3 15.0629 2 , 499.3,0.75 0.75 0.75 0.75 0.75 0.75 0.75 0.75 0.75 0.75 1.06374 1.06374 1.06374 1.06374 1.06374 1.06374 1.06374 1.06374 1.06374 1.08322 ,0.5 0.5 0.5 0.5 0.5 0.5 0.5 0.5 0.5 0.5 0.309158 0.309158 0.309158 0.309158 0.309158 0.309158 0.309158 0.309158 0.309158 0.31482 ,-0.2 -0.2 -0.2 -0.2 -0.2 -0.2 -0.2 -0.2 -0.2 -0.2 0.196337 0.196337 0.196337 0.196337 0.196337 0.196337 0.196337 0.196337 0.196337 0.599933 ,-0.2 -0.2 -0.2 -0.2 -0.2 -0.2 -0.2 -0.2 -0.2 -0.2 -0.603663 -0.603663 -0.603663 -0.603663 -0.603663 -0.603663 -0.603663 -0.603663 -0.603663 -0.41472 ,-0.4 -0.4 -0.4 -0.4 -0.4 -0.4 -0.4 -0.4 -0.4 -0.4 -0.307326 -0.307326 -0.307326 -0.307326 -0.307326 -0.307326 -0.307326 -0.307326 -0.307326 -0.212955 ,-0.4 -0.4 -0.4 -0.4 -0.4 -0.4 -0.4 -0.4 -0.4 -0.4 -0.907326 -0.907326 -0.907326 -0.907326 -0.907326 -0.907326 -0.907326 -0.907326 -0.907326 -0.423945 ,
45,45,Patient,48.4,"A",K,L,M,0.194782,-0.0861532,0.136019,0.407094,-0.0372723,0.567874,Neurotic,0.81,0.1 0.4 0.5 0 0.2 0 -0.3 0.4 0 0.3 -0.3 0 0.2 -0.1 -0.6 0.1 -0.1 0.2 -0.7 0.2 0.2 0.3 0 -0.2 -0.1 -0.1 -0.6 -0.3 -0.5 -0.3 -0.1 0.4 -0.4 0.9 0.3 0.4 0.1 0.4 0.5 0 0.2 0 -0.5 0.1 0.2 -0.1 0.6 -0.5 -0.1 0.1 -0.1 0.1 0.1 0.3 0.3 -0.2 0.4 -0.4 0.1 -0.5 -0.2 0 0.1 0.1 -0.1 0 -0.1 0.3 -0.4 -0.3 0.2 -0.6 0.9 0.6 -0.1 0 0.1 0.3 0.3 -0.2 -0.4 -0.5 -0.7 0.2 -0.1 0 0.3 -0.4 -0.2 0.2 0.1 1 0.4 -0.2 0.1 -0.4 -0.4 0 0.1 0.1 0.3 -0.2 -0.1 0 0.3 -0.4 -0.2 0.2 -0.4 0.3 0.1 -0.2 0.1 -0.3 -0.1 0 0.3 -0.4 -0.2 0.2 , 2130 2545.9 1679.9 1342.3 1908.3 1866.2 1500.1 1770.9 1770.9 974.5 545.1 1479.7 2378 1770.9 2057 1866.2 2360.8 1866.2 2372.4 1479.7 ,14.9192 9.1 36 15 39.0884 35 39.0341 42.1 48 42 48 36 42 30 42 15 48 9 38.9868 8 39.0991 3.1 48 9 50.9365 14 51.0859 30.1 42 30 36 15 30 9 24 3 15.0701 2 , 502.1,0.75 0.75 0.75 0.75 0.75 0.75 0.75 0.463737 0.463737 0.463737 0.463737 0.463737 0.463737 0.463737 0.67223 0.67223 0.67223 0.67223 0.67223 -0.0154573 ,0.5 0.5 0.5 0.5 0.5 0.5 0.5 0.909158 0.909158 0.909158 0.909158 0.909158 0.909158 0.909158 0.82581 0.82581 0.82581 0.82581 0.82581 1.04093 ,-0.2 -0.2 -0.2 -0.2 -0.2 -0.2 -0.2 -0.203663 -0.203663 -0.203663 -0.203663 -0.203663 -0.203663 -0.203663 -0.807393 -0.807393 -0.807393 -0.807393 -0.807393 -0.622181 ,-0.2 -0.2 -0.2 -0.2 -0.2 -0.2 -0.2 0.0963369 0.0963369 0.0963369 0.0963369 0.0963369 0.0963369 0.0963369 0.198101 0.198101 0.198101 0.198101 0.198101 0.50173 ,-0.4 -0.4 -0.4 -0.4 -0.4 -0.4 -0.4 -0.707326 -0.707326 -0.707326 -0.707326 -0.707326 -0.707326 -0.707326 -0.820281 -0.820281 -0.820281 -0.820281 -0.820281 -0.835305 ,-0.4 -0.4 -0.4 -0.4 -0.4 -0.4 -0.4 -0.407326 -0.407326 -0.407326 -0.407326 -0.407326 -0.407326 -0.407326 -0.214787 -0.214787 -0.214787 -0.214787 -0.214787 -0.418721 ,
46,46,Patient,61.1,"A",N,W,B,-0.50132,-0.33912,-0.390448,-0.800856,-0.422592,-0.580411,Neurotic,0.69,0.3 -0.3 -0.1 -0.4 0.4 0 0 0 0.4 0.2 0.1 0.5 -0.3 -0.5 0 -0.5 -0.2 0 0.4 0.5 -0.1 0.5 0.1 -0.4 -0.4 -0.1 0.1 -0.1 0.2 0.3 -0.2 0 0.1 0.1 -0.1 0 0.2 0.1 -0.2 0.2 -0.6 0.1 -0.1 -0.1 -0.6 -0.3 -0.5 -0.3 0.5 -0.3 -0.4 -0.4 -0.1 -0.2 0.5 -0.3 -0.4 -0.4 -0.1 -0.2 0.3 -0.2 0.4 -0.4 0.1 -0.5 0 0 0.4 0.2 0.1 0.5 0.3 -0.3 -0.1 -0.4 0.4 0 -0.9 0.3 0 0.3 0 -0.3 -0.3 -0.3 0.4 -0.4 -0.5 0.1 -0.1 -0.5 0.1 0.1 0.2 -0.3 -0.3 -0.2 -0.4 0.5 0.2 -0.1 -0.6 -0.2 0.9 -0.8 0.4 0.2 0.1 -0.1 -0.4 -0.4 0.4 0.3 0 0 0.4 0.2 0.1 0.5 , 2934.7 1792.5 3013.8 2180.4 1792.5 2934.7 1727.9 1727.9 1790.5 311.6 1669.9 698.3 1279 2180.4 698.3 311.6 2840.4 1503.2 1791.4 1809 ,14.9449 9.1 36 15 42 30 63.0448 35 63.0488 42.1 72 42 72 36 66 30 66 15 68.9478 14 69.0838 30.1 66 30 66 15 72 9 63.0631 8 62.918 3.1 54 3 14.9758 2 , 498.9,0.75 0.75 0.75 0.75 0.75 0.75 0.75 0.75 0.75 0.763737 0.763737 0.763737 0.763737 0.477725 0.477725 0.477725 0.477725 0.477725 0.886475 0.886475 ,0.5 0.5 0.5 0.5 0.5 0.5 0.5 0.5 0.5 0.509158 0.509158 0.509158 0.509158 0.0184834 0.0184834 0.0184834 0.0184834 0.0184834 0.518822 0.518822 ,-0.2 -0.2 -0.2 -0.2 -0.2 -0.2 -0.2 -0.2 -0.2 0.196337 0.196337 0.196337 0.196337 0.199933 0.199933 0.199933 0.199933 0.199933 0.103595 0.103595 ,-0.2 -0.2 -0.2 -0.2 -0.2 -0.2 -0.2 -0.2 -0.2 -0.00366313 -0.00366313 -0.00366313 -0.00366313 -0.50373 -0.50373 -0.50373 -0.50373 -0.50373 -0.0129564 -0.0129564 ,-0.4 -0.4 -0.4 -0.4 -0.4 -0.4 -0.4 -0.4 -0.4 -0.307326 -0.307326 -0.307326 -0.307326 -0.512955 -0.512955 -0.512955 -0.512955 -0.512955 -0.42235 -0.42235 ,-0.4 -0.4 -0.4 -0.4 -0.4 -0.4 -0.4 -0.4 -0.4 0.0926737 0.0926737 0.0926737 0.0926737 0.0943711 0.0943711 0.0943711 0.0943711 0.0943711 -0.3039 -0.3039 ,
47,47,Visitor,70.4,"A",E,N/A,N/A,-0.524632,-0.290804,-0.336592,-0.581333,-0.394335,-0.185481,Neurotic,2.48,0.1 -0.4 -0.2 0.5 0.2 0.4 -0.1 0.3 -0.4 -0.3 0.2 -0.6 -0.3 -0.2 -0.4 0.5 0.2 -0.1 0.2 -0.1 -0.6 0.1 -0.1 0.2 -0.3 0.3 -0.1 0.6 -0.4 0.1 0.8 0.7 0.4 0.7 -0.3 0.4 0.1 1 0.4 -0.2 0.1 -0.4 -0.2 0.2 -0.4 -0.4 -0.4 0.5 -0.3 -0.4 0.2 0 -0.2 -0.4 -0.3 -0.2 -0.4 0.5 0.2 -0.1 0.5 0.2 0.1 0 0.4 -0.2 -0.1 0.3 -0.4 -0.3 0.2 -0.6 -0.2 0.2 -0.4 -0.4 -0.4 0.5 0 0 0.4 0.2 0.1 0.5 -0.1 0.1 -0.1 0.1 0.1 0.3 0.3 -0.3 0.3 0.2 -0.3 -0.3 -0.4 0 0.1 0.1 0.3 -0.2 0 0 0.4 0.2 0.1 0.5 -0.4 -0.4 0.3 -0.1 0.1 -0.2 -0.3 -0.3 0.4 -0.4 -0.5 0.1 , 2623 2398.3 1679.3 1662.5 1848.4 1662.5 2623 2372.9 1320.3 1684 1961.4 2372.9 1684 1662.3 2135 2302 1684 2623 1291.5 2302 ,14.9018 9.1 26.9427 14 27.0493 30.1 18 30 18 15 24 9 24 3 14.9543 2 , 499.6,0.75 0.75 0.75 0.75 0.75 0.75 0.75 0.75 0.75 0.663737 0.663737 0.663737 0.663737 0.663737 0.663737 0.663737 0.375893 0.375893 0.375893 0.375893 ,0.5 0.5 0.5 0.5 0.5 0.5 0.5 0.5 0.5 0.809158 0.809158 0.809158 0.809158 0.809158 0.809158 0.809158 0.623978 0.623978 0.623978 0.623978 ,-0.2 -0.2 -0.2 -0.2 -0.2 -0.2 -0.2 -0.2 -0.2 -0.603663 -0.603663 -0.603663 -0.603663 -0.603663 -0.603663 -0.603663 -1.01472 -1.01472 -1.01472 -1.01472 ,-0.2 -0.2 -0.2 -0.2 -0.2 -0.2 -0.2 -0.2 -0.2 -0.503663 -0.503663 -0.503663 -0.503663 -0.503663 -0.503663 -0.503663 -0.012888 -0.012888 -0.012888 -0.012888 ,-0.4 -0.4 -0.4 -0.4 -0.4 -0.4 -0.4 -0.4 -0.4 -0.207326 -0.207326 -0.207326 -0.207326 -0.207326 -0.207326 -0.207326 -0.0111236 -0.0111236 -0.0111236 -0.0111236 ,-0.4 -0.4 -0.4 -0.4 -0.4 -0.4 -0.4 -0.4 -0.4 -1.00733 -1.00733 -1.00733 -1.00733 -1.00733 -1.00733 -1.00733 -1.12578 -1.12578 -1.12578 -1.12578 ,
48,48,Patient,47.2,"A",F,G,K,-0.0719756,0.270873,-0.0438377,0.12328,0.220547,-0.373841,Neurotic,0.94,0.1 0.4 0.5 0 0.2 0 -0.1 0.3 -0.4 -0.3 0.2 -0.6 -0.4 0 0.1 0.1 0.3 -0.2 0.3 -0.2 -0.4 -0.5 -0.7 0.2 -0.6 -0.2 0.9 -0.8 0.4 0.2 -0.9 0.3 0 0.3 0 -0.3 -0.3 -0.4 0.2 0 -0.2 -0.4 0.2 0.1 -0.2 0.2 -0.6 0.1 -0.5 0.2 0.5 -0.1 0 0.2 -0.1 0.2 0.4 0.3 0.2 -0.2 0.5 0.2 0.1 0 0.4 -0.2 -0.4 -0.1 0.1 -0.1 0.2 0.3 0.3 -0.2 -0.4 -0.5 -0.7 0.2 -0.7 0.2 0.2 0.3 0 -0.2 0.2 -0.2 0.1 0.6 0.1 0.6 0.1 -0.1 -0.3 -0.1 0.1 -0.2 -0.3 -0.2 -0.4 0.5 0.2 -0.1 0.2 -0.2 0.1 0.6 0.1 0.6 0.5 0.2 0.1 0 0.4 -0.2 -0.3 -0.2 -0.4 0.5 0.2 -0.1 , 2058 1961.9 2430.1 1875.1 1254 1875.1 1961.9 2937.3 290.1 2937.3 1136.8 2058 1136.8 773.5 1435 290.1 2430.1 1414.1 2049.8 1254 ,15.0045 9.1 8.96943 14 8.97166 30.1 14.9507 35 14.944 42.1 24 42 30 36 38.9019 35 39.0158 42.1 30 42 30 36 36 30 36 15 30 9 24 3 14.966 2 , 500.1,0.75 0.75 0.75 0.75 0.75 0.75 0.75 0.75 0.75 0.75 0.75 0.663737 0.663737 0.663737 0.663737 0.663737 0.663737 0.663737 0.663737 0.663737 ,0.5 0.5 0.5 0.5 0.5 0.5 0.5 0.5 0.5 0.5 0.5 0.809158 0.809158 0.809158 0.809158 0.809158 0.809158 0.809158 0.809158 0.809158 ,-0.2 -0.2 -0.2 -0.2 -0.2 -0.2 -0.2 -0.2 -0.2 -0.2 -0.2 -0.603663 -0.603663 -0.603663 -0.603663 -0.603663 -0.603663 -0.603663 -0.603663 -0.603663 ,-0.2 -0.2 -0.2 -0.2 -0.2 -0.2 -0.2 -0.2 -0.2 -0.2 -0.2 -0.503663 -0.503663 -0.503663 -0.503663 -0.503663 -0.503663 -0.503663 -0.503663 -0.503663 ,-0.4 -0.4 -0.4 -0.4 -0.4 -0.4 -0.4 -0.4 -0.4 -0.4 -0.4 -0.207326 -0.207326 -0.207326 -0.207326 -0.207326 -0.207326 -0.207326 -0.207326 -0.207326 ,-0.4 -0.4 -0.4 -0.4 -0.4 -0.4 -0.4 -0.4 -0.4 -0.4 -0.4 -1.00733 -1.00733 -1.00733 -1.00733 -1.00733 -1.00733 -1.00733 -1.00733 -1.00733 ,
49,49,Visitor,82.2,"A",L,N/A,N/A,-0.612071,-0.347246,-0.430499,-0.43098,-0.0671599,-0.278624,Neurotic,2.48,0.4 0.5 -0.1 0.5 0.1 -0.4 -0.5 0.1 0.2 -0.1 0.6 -0.5 -0.5 0.2 0.5 -0.1 0 0.2 -0.3 -0.5 0 -0.5 -0.2 0 0.3 -0.2 0.4 -0.4 0.1 -0.5 0.7 -0.3 -0.4 0.4 -0.5 0.1 -0.3 0.3 -0.1 0.6 -0.4 0.1 -0.3 -0.2 -0.4 0.5 0.2 -0.1 0.1 -0.4 -0.2 0.5 0.2 0.4 -0.4 0 0.1 0.1 0.3 -0.2 -0.1 0 0.3 -0.4 -0.2 0.2 -0.3 -0.3 0.4 -0.4 -0.5 0.1 0.5 0.2 0.1 0 0.4 -0.2 0.8 0.7 0.4 0.7 -0.3 0.4 0.3 -0.7 -0.2 0.6 -0.1 0.3 -0.2 0.2 -0.4 -0.4 -0.4 0.5 -0.5 0.1 0.2 -0.1 0.6 -0.5 0.3 -0.7 -0.2 0.6 -0.1 0.3 -0.1 0.1 -0.1 0.1 0.1 0.3 -0.3 -0.5 0 -0.5 -0.2 0 , 1867.6 1699.8 1431.3 1431.3 1431.3 2450.9 1699.8 1405.3 1173.5 2002.6 1699.8 2338.5 1181 2502.2 2450.9 2502.2 1181 1811.3 1699.8 2338.5 ,15.0081 9.1 30 9 39.0154 8 38.9684 3.1 30 3 14.9834 2 , 501.4,0.75 0.75 0.75 0.75 0.75 0.75 0.75 0.263737 0.263737 0.263737 0.263737 0.263737 -0.231433 -0.231433 -0.231433 -0.231433 -0.231433 -0.231433 -0.231433 -0.231433 ,0.5 0.5 0.5 0.5 0.5 0.5 0.5 0.609158 0.609158 0.609158 0.609158 0.609158 0.820315 0.820315 0.820315 0.820315 0.820315 0.820315 0.820315 0.820315 ,-0.2 -0.2 -0.2 -0.2 -0.2 -0.2 -0.2 -0.00366313 -0.00366313 -0.00366313 -0.00366313 -0.00366313 0.49627 0.49627 0.49627 0.49627 0.49627 0.49627 0.49627 0.49627 ,-0.2 -0.2 -0.2 -0.2 -0.2 -0.2 -0.2 -0.303663 -0.303663 -0.303663 -0.303663 -0.303663 -0.409225 -0.409225 -0.409225 -0.409225 -0.409225 -0.409225 -0.409225 -0.409225 ,-0.4 -0.4 -0.4 -0.4 -0.4 -0.4 -0.4 0.192674 0.192674 0.192674 0.192674 0.192674 0.196203 0.196203 0.196203 0.196203 0.196203 0.196203 0.196203 0.196203 ,-0.4 -0.4 -0.4 -0.4 -0.4 -0.4 -0.4 -0.907326 -0.907326 -0.907326 -0.907326 -0.907326 -0.723945 -0.723945 -0.723945 -0.723945 -0.723945 -0.723945 -0.723945 -0.723945 ,
50,50,Patient,60.1,"A",M,N,W,-0.666884,-0.304086,-0.250586,-0.538814,-0.463159,-0.52566,Neurotic,0.52,-0.3 -0.4 0.2 0 -0.2 -0.4 0.3 -0.2 0.4 -0.4 0.1 -0.5 -0.4 -0.1 0.1 -0.1 0.2 0.3 -0.1 0 0.3 -0.4 -0.2 0.2 0.9 0.6 -0.1 0 0.1 0.3 -0.3 -0.3 0.4 -0.4 -0.5 0.1 0.5 0.2 0.1 0 0.4 -0.2 -0.2 0 0.1 0.1 -0.1 0 0.3 -0.3 -0.1 -0.4 0.4 0 0.9 0.6 -0.1 0 0.1 0.3 -0.1 0.1 -0.1 0.1 0.1 0.3 -0.4 0.3 0.1 -0.2 0.1 -0.3 0.5 0.2 0.1 0 0.4 -0.2 -0.5 0.1 0.2 -0.1 0.6 -0.5 0.5 -0.3 -0.4 -0.4 -0.1 -0.2 0.4 -0.4 -0.4 0.6 -0.1 0.1 -0.2 0.2 -0.4 -0.4 -0.4 0.5 0.2 -0.1 -0.6 0.1 -0.1 0.2 0.2 -0.2 0.1 0.6 0.1 0.6 -0.4 -0.4 0.3 -0.1 0.1 -0.2 , 1268 1777.8 1710.4 3032.7 1710.4 3086.7 2563.8 1490 2208.3 1710.4 2208.3 1490 1490 1778 1777.8 1939 2208.3 1424.6 3086.7 1490 ,15.0657 9.1 50.9745 14 51.0758 30.1 62.9326 35 63.0907 42.1 72 42 72 36 66 30 66 15 69.0328 14 69.0548 30.1 66 30 60 15 30 9 24 3 14.9353 2 , 501.2,0.75 0.75 0.75 0.75 0.75 0.75 0.75 0.75 0.75 0.75 1.06374 1.06374 1.06374 1.06374 0.68322 0.68322 0.68322 0.68322 0.68322 0.595733 ,0.5 0.5 0.5 0.5 0.5 0.5 0.5 0.5 0.5 0.5 0.309158 0.309158 0.309158 0.309158 0.21482 0.21482 0.21482 0.21482 0.21482 0.218755 ,-0.2 -0.2 -0.2 -0.2 -0.2 -0.2 -0.2 -0.2 -0.2 -0.2 0.196337 0.196337 0.196337 0.196337 0.299933 0.299933 0.299933 0.299933 0.299933 0.605426 ,-0.2 -0.2 -0.2 -0.2 -0.2 -0.2 -0.2 -0.2 -0.2 -0.2 -0.603663 -0.603663 -0.603663 -0.603663 -0.71472 -0.71472 -0.71472 -0.71472 -0.71472 -1.12781 ,-0.4 -0.4 -0.4 -0.4 -0.4 -0.4 -0.4 -0.4 -0.4 -0.4 -0.307326 -0.307326 -0.307326 -0.307326 -0.112955 -0.112955 -0.112955 -0.112955 -0.112955 -0.315024 ,-0.4 -0.4 -0.4 -0.4 -0.4 -0.4 -0.4 -0.4 -0.4 -0.4 -0.907326 -0.907326 -0.907326 -0.907326 -0.623945 -0.623945 -0.623945 -0.623945 -0.623945 -0.435372 ,
